suite,seed,frame,fraction,energy_ratio,event_recall,event_blocks,gini,is_event,previous_is_event,event_transition,is_scene_cut
transport,1,1,0.05,0.0,0.0,0,0.0,0,0,0,0
transport,1,1,0.1,0.0,0.0,0,0.0,0,0,0,0
transport,1,1,0.2,0.0,0.0,0,0.0,0,0,0,0
transport,1,2,0.05,0.0,0.0,0,0.0,0,0,0,0
transport,1,2,0.1,0.0,0.0,0,0.0,0,0,0,0
transport,1,2,0.2,0.0,0.0,0,0.0,0,0,0,0
transport,1,3,0.05,0.0,0.0,0,0.0,0,0,0,0
transport,1,3,0.1,0.0,0.0,0,0.0,0,0,0,0
transport,1,3,0.2,0.0,0.0,0,0.0,0,0,0,0
transport,1,4,0.05,0.0,0.0,0,0.0,0,0,0,0
transport,1,4,0.1,0.0,0.0,0,0.0,0,0,0,0
transport,1,4,0.2,0.0,0.0,0,0.0,0,0,0,0
transport,1,5,0.05,0.0,0.0,0,0.0,0,0,0,0
transport,1,5,0.1,0.0,0.0,0,0.0,0,0,0,0
transport,1,5,0.2,0.0,0.0,0,0.0,0,0,0,0
transport,1,6,0.05,0.0,0.0,0,0.0,0,0,0,0
transport,1,6,0.1,0.0,0.0,0,0.0,0,0,0,0
transport,1,6,0.2,0.0,0.0,0,0.0,0,0,0,0
transport,1,7,0.05,0.0,0.0,0,0.0,0,0,0,0
transport,1,7,0.1,0.0,0.0,0,0.0,0,0,0,0
transport,1,7,0.2,0.0,0.0,0,0.0,0,0,0,0
transport,1,8,0.05,0.0,0.0,0,0.0,0,0,0,0
transport,1,8,0.1,0.0,0.0,0,0.0,0,0,0,0
transport,1,8,0.2,0.0,0.0,0,0.0,0,0,0,0
transport,1,9,0.05,0.0,0.0,0,0.0,0,0,0,0
transport,1,9,0.1,0.0,0.0,0,0.0,0,0,0,0
transport,1,9,0.2,0.0,0.0,0,0.0,0,0,0,0
transport,1,10,0.05,0.0,0.0,0,0.0,0,0,0,0
transport,1,10,0.1,0.0,0.0,0,0.0,0,0,0,0
transport,1,10,0.2,0.0,0.0,0,0.0,0,0,0,0
transport,1,11,0.05,0.0,0.0,0,0.0,0,0,0,0
transport,1,11,0.1,0.0,0.0,0,0.0,0,0,0,0
transport,1,11,0.2,0.0,0.0,0,0.0,0,0,0,0
transport,1,12,0.05,0.0,0.0,0,0.0,0,0,0,0
transport,1,12,0.1,0.0,0.0,0,0.0,0,0,0,0
transport,1,12,0.2,0.0,0.0,0,0.0,0,0,0,0
transport,1,13,0.05,0.0,0.0,0,0.0,0,0,0,0
transport,1,13,0.1,0.0,0.0,0,0.0,0,0,0,0
transport,1,13,0.2,0.0,0.0,0,0.0,0,0,0,0
transport,1,14,0.05,0.0,0.0,0,0.0,0,0,0,0
transport,1,14,0.1,0.0,0.0,0,0.0,0,0,0,0
transport,1,14,0.2,0.0,0.0,0,0.0,0,0,0,0
transport,1,15,0.05,0.0,0.0,0,0.0,0,0,0,0
transport,1,15,0.1,0.0,0.0,0,0.0,0,0,0,0
transport,1,15,0.2,0.0,0.0,0,0.0,0,0,0,0
transport,1,16,0.05,0.0,0.0,0,0.0,0,0,0,0
transport,1,16,0.1,0.0,0.0,0,0.0,0,0,0,0
transport,1,16,0.2,0.0,0.0,0,0.0,0,0,0,0
transport,1,17,0.05,0.0,0.0,0,0.0,0,0,0,0
transport,1,17,0.1,0.0,0.0,0,0.0,0,0,0,0
transport,1,17,0.2,0.0,0.0,0,0.0,0,0,0,0
transport,1,18,0.05,0.0,0.0,0,0.0,0,0,0,0
transport,1,18,0.1,0.0,0.0,0,0.0,0,0,0,0
transport,1,18,0.2,0.0,0.0,0,0.0,0,0,0,0
transport,1,19,0.05,0.0,0.0,0,0.0,0,0,0,0
transport,1,19,0.1,0.0,0.0,0,0.0,0,0,0,0
transport,1,19,0.2,0.0,0.0,0,0.0,0,0,0,0
transport,1,20,0.05,0.0,0.0,0,0.0,0,0,0,0
transport,1,20,0.1,0.0,0.0,0,0.0,0,0,0,0
transport,1,20,0.2,0.0,0.0,0,0.0,0,0,0,0
transport,1,21,0.05,0.0,0.0,0,0.0,0,0,0,0
transport,1,21,0.1,0.0,0.0,0,0.0,0,0,0,0
transport,1,21,0.2,0.0,0.0,0,0.0,0,0,0,0
transport,1,22,0.05,0.0,0.0,0,0.0,0,0,0,0
transport,1,22,0.1,0.0,0.0,0,0.0,0,0,0,0
transport,1,22,0.2,0.0,0.0,0,0.0,0,0,0,0
transport,1,23,0.05,0.0,0.0,0,0.0,0,0,0,0
transport,1,23,0.1,0.0,0.0,0,0.0,0,0,0,0
transport,1,23,0.2,0.0,0.0,0,0.0,0,0,0,0
transport,1,24,0.05,0.0,0.0,0,0.0,0,0,0,0
transport,1,24,0.1,0.0,0.0,0,0.0,0,0,0,0
transport,1,24,0.2,0.0,0.0,0,0.0,0,0,0,0
transport,1,25,0.05,0.0,0.0,0,0.0,0,0,0,0
transport,1,25,0.1,0.0,0.0,0,0.0,0,0,0,0
transport,1,25,0.2,0.0,0.0,0,0.0,0,0,0,0
transport,1,26,0.05,0.0,0.0,0,0.0,0,0,0,0
transport,1,26,0.1,0.0,0.0,0,0.0,0,0,0,0
transport,1,26,0.2,0.0,0.0,0,0.0,0,0,0,0
transport,1,27,0.05,0.0,0.0,0,0.0,0,0,0,0
transport,1,27,0.1,0.0,0.0,0,0.0,0,0,0,0
transport,1,27,0.2,0.0,0.0,0,0.0,0,0,0,0
state,1,1,0.05,0.15419018338268345,0.0,0,0.31599534362542353,0,0,0,0
state,1,1,0.1,0.22868536108770152,0.0,0,0.31599534362542353,0,0,0,0
state,1,1,0.2,0.39352817309128635,0.0,0,0.31599534362542353,0,0,0,0
state,1,2,0.05,0.16250619886618653,0.0,0,0.3300506868562752,0,0,0,0
state,1,2,0.1,0.2517566781041927,0.0,0,0.3300506868562752,0,0,0,0
state,1,2,0.2,0.41151365711500193,0.0,0,0.3300506868562752,0,0,0,0
state,1,3,0.05,0.16853546908212677,0.0,0,0.34848810192915075,0,0,0,0
state,1,3,0.1,0.2557963779408818,0.0,0,0.34848810192915075,0,0,0,0
state,1,3,0.2,0.42728106909963254,0.0,0,0.34848810192915075,0,0,0,0
state,1,4,0.05,0.16713046622099215,0.0,0,0.345015003598044,0,0,0,0
state,1,4,0.1,0.25217307578917947,0.0,0,0.345015003598044,0,0,0,0
state,1,4,0.2,0.4288058898888026,0.0,0,0.345015003598044,0,0,0,0
state,1,5,0.05,0.14395492220529527,0.0,0,0.3123671796247837,0,0,0,0
state,1,5,0.1,0.22213548403026756,0.0,0,0.3123671796247837,0,0,0,0
state,1,5,0.2,0.39662742451967226,0.0,0,0.3123671796247837,0,0,0,0
state,1,6,0.05,0.16987126016401213,0.0,0,0.3542955217314419,0,0,0,0
state,1,6,0.1,0.25784874539593283,0.0,0,0.3542955217314419,0,0,0,0
state,1,6,0.2,0.42035740229076446,0.0,0,0.3542955217314419,0,0,0,0
state,1,7,0.05,0.1930373504588175,0.0,0,0.3719599997726422,0,0,0,0
state,1,7,0.1,0.284168309196364,0.0,0,0.3719599997726422,0,0,0,0
state,1,7,0.2,0.4601504392893147,0.0,0,0.3719599997726422,0,0,0,0
state,1,8,0.05,0.14053235925298793,0.0,0,0.32296395225359537,0,0,0,0
state,1,8,0.1,0.21804318023516256,0.0,0,0.32296395225359537,0,0,0,0
state,1,8,0.2,0.38905972421414664,0.0,0,0.32296395225359537,0,0,0,0
state,1,9,0.05,0.14374550972000005,0.0,0,0.31421049562826653,0,0,0,0
state,1,9,0.1,0.2285843326254537,0.0,0,0.31421049562826653,0,0,0,0
state,1,9,0.2,0.4000994895979929,0.0,0,0.31421049562826653,0,0,0,0
state,1,10,0.05,0.16333005908534465,0.0,0,0.31972044630428026,0,0,0,0
state,1,10,0.1,0.24655502075415178,0.0,0,0.31972044630428026,0,0,0,0
state,1,10,0.2,0.40569093296445397,0.0,0,0.31972044630428026,0,0,0,0
state,1,11,0.05,0.19413189561952093,0.0,0,0.3628400707799064,0,0,0,0
state,1,11,0.1,0.29998380194284596,0.0,0,0.3628400707799064,0,0,0,0
state,1,11,0.2,0.4500353493164696,0.0,0,0.3628400707799064,0,0,0,0
state,1,12,0.05,0.1643390017199728,0.0,0,0.3519225375356374,0,0,0,0
state,1,12,0.1,0.2509197317750754,0.0,0,0.3519225375356374,0,0,0,0
state,1,12,0.2,0.4253524601544499,0.0,0,0.3519225375356374,0,0,0,0
state,1,13,0.05,0.16970876973123736,0.0,0,0.35351739035233126,0,0,0,0
state,1,13,0.1,0.25443442341756595,0.0,0,0.35351739035233126,0,0,0,0
state,1,13,0.2,0.42200317515604874,0.0,0,0.35351739035233126,0,0,0,0
state,1,14,0.05,0.15578702647197912,0.0,0,0.3401442213913235,0,0,0,0
state,1,14,0.1,0.23986658280306491,0.0,0,0.3401442213913235,0,0,0,0
state,1,14,0.2,0.41378783780081485,0.0,0,0.3401442213913235,0,0,0,0
state,1,15,0.05,0.1418217872045717,0.0,0,0.3081547889282586,0,0,0,0
state,1,15,0.1,0.22309004986733116,0.0,0,0.3081547889282586,0,0,0,0
state,1,15,0.2,0.3871219302473261,0.0,0,0.3081547889282586,0,0,0,0
state,1,16,0.05,0.1819825043102144,0.0,0,0.34687734953695387,0,0,0,0
state,1,16,0.1,0.2620198155438721,0.0,0,0.34687734953695387,0,0,0,0
state,1,16,0.2,0.4350091175777434,0.0,0,0.34687734953695387,0,0,0,0
state,1,17,0.05,0.17837052644508603,0.0,0,0.35781634463647577,0,0,0,0
state,1,17,0.1,0.2580428128003231,0.0,0,0.35781634463647577,0,0,0,0
state,1,17,0.2,0.4311438482098382,0.0,0,0.35781634463647577,0,0,0,0
state,1,18,0.05,0.16973813006950259,0.0,0,0.3524695035951894,0,0,0,0
state,1,18,0.1,0.25136160231721566,0.0,0,0.3524695035951894,0,0,0,0
state,1,18,0.2,0.42545077771315226,0.0,0,0.3524695035951894,0,0,0,0
state,1,19,0.05,0.1377918232608989,0.0,0,0.32254910993543096,0,0,0,0
state,1,19,0.1,0.2117215088274879,0.0,0,0.32254910993543096,0,0,0,0
state,1,19,0.2,0.38029536069572,0.0,0,0.32254910993543096,0,0,0,0
state,1,20,0.05,0.16554001470629048,0.0,0,0.3568675710165549,0,0,0,0
state,1,20,0.1,0.25595776455521513,0.0,0,0.3568675710165549,0,0,0,0
state,1,20,0.2,0.43801951338867123,0.0,0,0.3568675710165549,0,0,0,0
state,1,21,0.05,0.169558880494047,0.0,0,0.345376957323988,0,0,0,0
state,1,21,0.1,0.25353943939128515,0.0,0,0.345376957323988,0,0,0,0
state,1,21,0.2,0.4330571458352243,0.0,0,0.345376957323988,0,0,0,0
state,1,22,0.05,0.1374313124638364,0.0,0,0.2947928942603479,0,0,0,0
state,1,22,0.1,0.2097610705482514,0.0,0,0.2947928942603479,0,0,0,0
state,1,22,0.2,0.3715730389052757,0.0,0,0.2947928942603479,0,0,0,0
state,1,23,0.05,0.1491739583965595,0.0,0,0.3131170119380056,0,0,0,0
state,1,23,0.1,0.2277674725221845,0.0,0,0.3131170119380056,0,0,0,0
state,1,23,0.2,0.39046365906475977,0.0,0,0.3131170119380056,0,0,0,0
state,1,24,0.05,0.1518949135497361,0.0,0,0.3226449112835447,0,0,0,0
state,1,24,0.1,0.22895263161438947,0.0,0,0.3226449112835447,0,0,0,0
state,1,24,0.2,0.39102399834041107,0.0,0,0.3226449112835447,0,0,0,0
state,1,25,0.05,0.15262530426792428,0.0,0,0.3415147091498077,0,0,0,0
state,1,25,0.1,0.2391736628085942,0.0,0,0.3415147091498077,0,0,0,0
state,1,25,0.2,0.4201572029490576,0.0,0,0.3415147091498077,0,0,0,0
state,1,26,0.05,0.1532290464938784,0.0,0,0.31987352210946085,0,0,0,0
state,1,26,0.1,0.23073318795268438,0.0,0,0.31987352210946085,0,0,0,0
state,1,26,0.2,0.40086025670836417,0.0,0,0.31987352210946085,0,0,0,0
state,1,27,0.05,0.15552474736969324,0.0,0,0.332340579242462,0,0,0,0
state,1,27,0.1,0.24459511599475844,0.0,0,0.332340579242462,0,0,0,0
state,1,27,0.2,0.4177464976409118,0.0,0,0.332340579242462,0,0,0,0
event,1,1,0.05,0.0,0.0,0,0.0,0,0,0,0
event,1,1,0.1,0.0,0.0,0,0.0,0,0,0,0
event,1,1,0.2,0.0,0.0,0,0.0,0,0,0,0
event,1,2,0.05,0.0,0.0,0,0.0,0,0,0,0
event,1,2,0.1,0.0,0.0,0,0.0,0,0,0,0
event,1,2,0.2,0.0,0.0,0,0.0,0,0,0,0
event,1,3,0.05,0.0,0.0,0,0.0,0,0,0,0
event,1,3,0.1,0.0,0.0,0,0.0,0,0,0,0
event,1,3,0.2,0.0,0.0,0,0.0,0,0,0,0
event,1,4,0.05,0.0,0.0,0,0.0,0,0,0,0
event,1,4,0.1,0.0,0.0,0,0.0,0,0,0,0
event,1,4,0.2,0.0,0.0,0,0.0,0,0,0,0
event,1,5,0.05,0.0,0.0,0,0.0,0,0,0,0
event,1,5,0.1,0.0,0.0,0,0.0,0,0,0,0
event,1,5,0.2,0.0,0.0,0,0.0,0,0,0,0
event,1,6,0.05,0.0,0.0,0,0.0,0,0,0,0
event,1,6,0.1,0.0,0.0,0,0.0,0,0,0,0
event,1,6,0.2,0.0,0.0,0,0.0,0,0,0,0
event,1,7,0.05,1.0,1.0,2,0.9583333333333334,1,0,1,0
event,1,7,0.1,1.0,1.0,2,0.9583333333333334,1,0,1,0
event,1,7,0.2,1.0,1.0,2,0.9583333333333334,1,0,1,0
event,1,8,0.05,1.0,0.0,0,0.9583333333333334,0,1,1,0
event,1,8,0.1,1.0,0.0,0,0.9583333333333334,0,1,1,0
event,1,8,0.2,1.0,0.0,0,0.9583333333333334,0,1,1,0
event,1,9,0.05,0.0,0.0,0,0.0,0,0,0,0
event,1,9,0.1,0.0,0.0,0,0.0,0,0,0,0
event,1,9,0.2,0.0,0.0,0,0.0,0,0,0,0
event,1,10,0.05,0.0,0.0,0,0.0,0,0,0,0
event,1,10,0.1,0.0,0.0,0,0.0,0,0,0,0
event,1,10,0.2,0.0,0.0,0,0.0,0,0,0,0
event,1,11,0.05,0.0,0.0,0,0.0,0,0,0,0
event,1,11,0.1,0.0,0.0,0,0.0,0,0,0,0
event,1,11,0.2,0.0,0.0,0,0.0,0,0,0,0
event,1,12,0.05,0.0,0.0,0,0.0,0,0,0,0
event,1,12,0.1,0.0,0.0,0,0.0,0,0,0,0
event,1,12,0.2,0.0,0.0,0,0.0,0,0,0,0
event,1,13,0.05,0.0,0.0,0,0.0,0,0,0,0
event,1,13,0.1,0.0,0.0,0,0.0,0,0,0,0
event,1,13,0.2,0.0,0.0,0,0.0,0,0,0,0
event,1,14,0.05,0.0,0.0,0,0.0,0,0,0,0
event,1,14,0.1,0.0,0.0,0,0.0,0,0,0,0
event,1,14,0.2,0.0,0.0,0,0.0,0,0,0,0
event,1,15,0.05,1.0,1.0,2,0.9583333333333334,1,0,1,0
event,1,15,0.1,1.0,1.0,2,0.9583333333333334,1,0,1,0
event,1,15,0.2,1.0,1.0,2,0.9583333333333334,1,0,1,0
event,1,16,0.05,1.0,0.0,0,0.9583333333333334,0,1,1,0
event,1,16,0.1,1.0,0.0,0,0.9583333333333334,0,1,1,0
event,1,16,0.2,1.0,0.0,0,0.9583333333333334,0,1,1,0
event,1,17,0.05,0.0,0.0,0,0.0,0,0,0,0
event,1,17,0.1,0.0,0.0,0,0.0,0,0,0,0
event,1,17,0.2,0.0,0.0,0,0.0,0,0,0,0
event,1,18,0.05,0.0,0.0,0,0.0,0,0,0,0
event,1,18,0.1,0.0,0.0,0,0.0,0,0,0,0
event,1,18,0.2,0.0,0.0,0,0.0,0,0,0,0
event,1,19,0.05,0.0,0.0,0,0.0,0,0,0,0
event,1,19,0.1,0.0,0.0,0,0.0,0,0,0,0
event,1,19,0.2,0.0,0.0,0,0.0,0,0,0,0
event,1,20,0.05,0.0,0.0,0,0.0,0,0,0,0
event,1,20,0.1,0.0,0.0,0,0.0,0,0,0,0
event,1,20,0.2,0.0,0.0,0,0.0,0,0,0,0
event,1,21,0.05,0.0,0.0,0,0.0,0,0,0,0
event,1,21,0.1,0.0,0.0,0,0.0,0,0,0,0
event,1,21,0.2,0.0,0.0,0,0.0,0,0,0,0
event,1,22,0.05,0.0,0.0,0,0.0,0,0,0,0
event,1,22,0.1,0.0,0.0,0,0.0,0,0,0,0
event,1,22,0.2,0.0,0.0,0,0.0,0,0,0,0
event,1,23,0.05,1.0,1.0,2,0.9583333333333334,1,0,1,0
event,1,23,0.1,1.0,1.0,2,0.9583333333333334,1,0,1,0
event,1,23,0.2,1.0,1.0,2,0.9583333333333334,1,0,1,0
event,1,24,0.05,1.0,0.0,0,0.9583333333333334,0,1,1,0
event,1,24,0.1,1.0,0.0,0,0.9583333333333334,0,1,1,0
event,1,24,0.2,1.0,0.0,0,0.9583333333333334,0,1,1,0
event,1,25,0.05,0.0,0.0,0,0.0,0,0,0,0
event,1,25,0.1,0.0,0.0,0,0.0,0,0,0,0
event,1,25,0.2,0.0,0.0,0,0.0,0,0,0,0
event,1,26,0.05,0.0,0.0,0,0.0,0,0,0,0
event,1,26,0.1,0.0,0.0,0,0.0,0,0,0,0
event,1,26,0.2,0.0,0.0,0,0.0,0,0,0,0
event,1,27,0.05,0.0,0.0,0,0.0,0,0,0,0
event,1,27,0.1,0.0,0.0,0,0.0,0,0,0,0
event,1,27,0.2,0.0,0.0,0,0.0,0,0,0,0
scene_cut,1,1,0.05,0.0,0.0,0,0.0,0,0,0,0
scene_cut,1,1,0.1,0.0,0.0,0,0.0,0,0,0,0
scene_cut,1,1,0.2,0.0,0.0,0,0.0,0,0,0,0
scene_cut,1,2,0.05,0.0,0.0,0,0.0,0,0,0,0
scene_cut,1,2,0.1,0.0,0.0,0,0.0,0,0,0,0
scene_cut,1,2,0.2,0.0,0.0,0,0.0,0,0,0,0
scene_cut,1,3,0.05,0.0,0.0,0,0.0,0,0,0,0
scene_cut,1,3,0.1,0.0,0.0,0,0.0,0,0,0,0
scene_cut,1,3,0.2,0.0,0.0,0,0.0,0,0,0,0
scene_cut,1,4,0.05,0.0,0.0,0,0.0,0,0,0,0
scene_cut,1,4,0.1,0.0,0.0,0,0.0,0,0,0,0
scene_cut,1,4,0.2,0.0,0.0,0,0.0,0,0,0,0
scene_cut,1,5,0.05,0.0,0.0,0,0.0,0,0,0,0
scene_cut,1,5,0.1,0.0,0.0,0,0.0,0,0,0,0
scene_cut,1,5,0.2,0.0,0.0,0,0.0,0,0,0,0
scene_cut,1,6,0.05,0.0,0.0,0,0.0,0,0,0,0
scene_cut,1,6,0.1,0.0,0.0,0,0.0,0,0,0,0
scene_cut,1,6,0.2,0.0,0.0,0,0.0,0,0,0,0
scene_cut,1,7,0.05,0.0,0.0,0,0.0,0,0,0,0
scene_cut,1,7,0.1,0.0,0.0,0,0.0,0,0,0,0
scene_cut,1,7,0.2,0.0,0.0,0,0.0,0,0,0,0
scene_cut,1,8,0.05,0.0,0.0,0,0.0,0,0,0,0
scene_cut,1,8,0.1,0.0,0.0,0,0.0,0,0,0,0
scene_cut,1,8,0.2,0.0,0.0,0,0.0,0,0,0,0
scene_cut,1,9,0.05,0.0,0.0,0,0.0,0,0,0,0
scene_cut,1,9,0.1,0.0,0.0,0,0.0,0,0,0,0
scene_cut,1,9,0.2,0.0,0.0,0,0.0,0,0,0,0
scene_cut,1,10,0.05,0.0,0.0,0,0.0,0,0,0,0
scene_cut,1,10,0.1,0.0,0.0,0,0.0,0,0,0,0
scene_cut,1,10,0.2,0.0,0.0,0,0.0,0,0,0,0
scene_cut,1,11,0.05,0.0,0.0,0,0.0,0,0,0,0
scene_cut,1,11,0.1,0.0,0.0,0,0.0,0,0,0,0
scene_cut,1,11,0.2,0.0,0.0,0,0.0,0,0,0,0
scene_cut,1,12,0.05,0.0,0.0,0,0.0,0,0,0,0
scene_cut,1,12,0.1,0.0,0.0,0,0.0,0,0,0,0
scene_cut,1,12,0.2,0.0,0.0,0,0.0,0,0,0,0
scene_cut,1,13,0.05,0.0,0.0,0,0.0,0,0,0,0
scene_cut,1,13,0.1,0.0,0.0,0,0.0,0,0,0,0
scene_cut,1,13,0.2,0.0,0.0,0,0.0,0,0,0,0
scene_cut,1,14,0.05,0.0,0.0,0,0.0,0,0,0,0
scene_cut,1,14,0.1,0.0,0.0,0,0.0,0,0,0,0
scene_cut,1,14,0.2,0.0,0.0,0,0.0,0,0,0,0
scene_cut,1,15,0.05,0.0,0.0,0,0.0,0,0,0,0
scene_cut,1,15,0.1,0.0,0.0,0,0.0,0,0,0,0
scene_cut,1,15,0.2,0.0,0.0,0,0.0,0,0,0,0
scene_cut,1,16,0.05,0.0,0.0,0,0.0,0,0,0,0
scene_cut,1,16,0.1,0.0,0.0,0,0.0,0,0,0,0
scene_cut,1,16,0.2,0.0,0.0,0,0.0,0,0,0,0
scene_cut,1,17,0.05,0.0,0.0,0,0.0,0,0,0,0
scene_cut,1,17,0.1,0.0,0.0,0,0.0,0,0,0,0
scene_cut,1,17,0.2,0.0,0.0,0,0.0,0,0,0,0
scene_cut,1,18,0.05,0.0,0.0,0,0.0,0,0,0,0
scene_cut,1,18,0.1,0.0,0.0,0,0.0,0,0,0,0
scene_cut,1,18,0.2,0.0,0.0,0,0.0,0,0,0,0
scene_cut,1,19,0.05,0.0,0.0,0,0.0,0,0,0,0
scene_cut,1,19,0.1,0.0,0.0,0,0.0,0,0,0,0
scene_cut,1,19,0.2,0.0,0.0,0,0.0,0,0,0,0
scene_cut,1,20,0.05,0.13388115996119238,0.0625,48,0.2539500898921176,1,0,1,1
scene_cut,1,20,0.1,0.2104994159916823,0.10416666666666667,48,0.2539500898921176,1,0,1,1
scene_cut,1,20,0.2,0.36116174007747714,0.20833333333333334,48,0.2539500898921176,1,0,1,1
scene_cut,1,21,0.05,0.0,0.0,0,0.0,0,1,1,0
scene_cut,1,21,0.1,0.0,0.0,0,0.0,0,1,1,0
scene_cut,1,21,0.2,0.0,0.0,0,0.0,0,1,1,0
scene_cut,1,22,0.05,0.0,0.0,0,0.0,0,0,0,0
scene_cut,1,22,0.1,0.0,0.0,0,0.0,0,0,0,0
scene_cut,1,22,0.2,0.0,0.0,0,0.0,0,0,0,0
scene_cut,1,23,0.05,0.0,0.0,0,0.0,0,0,0,0
scene_cut,1,23,0.1,0.0,0.0,0,0.0,0,0,0,0
scene_cut,1,23,0.2,0.0,0.0,0,0.0,0,0,0,0
scene_cut,1,24,0.05,0.0,0.0,0,0.0,0,0,0,0
scene_cut,1,24,0.1,0.0,0.0,0,0.0,0,0,0,0
scene_cut,1,24,0.2,0.0,0.0,0,0.0,0,0,0,0
scene_cut,1,25,0.05,0.0,0.0,0,0.0,0,0,0,0
scene_cut,1,25,0.1,0.0,0.0,0,0.0,0,0,0,0
scene_cut,1,25,0.2,0.0,0.0,0,0.0,0,0,0,0
scene_cut,1,26,0.05,0.0,0.0,0,0.0,0,0,0,0
scene_cut,1,26,0.1,0.0,0.0,0,0.0,0,0,0,0
scene_cut,1,26,0.2,0.0,0.0,0,0.0,0,0,0,0
scene_cut,1,27,0.05,0.0,0.0,0,0.0,0,0,0,0
scene_cut,1,27,0.1,0.0,0.0,0,0.0,0,0,0,0
scene_cut,1,27,0.2,0.0,0.0,0,0.0,0,0,0,0
transport,7,1,0.05,0.0,0.0,0,0.0,0,0,0,0
transport,7,1,0.1,0.0,0.0,0,0.0,0,0,0,0
transport,7,1,0.2,0.0,0.0,0,0.0,0,0,0,0
transport,7,2,0.05,0.0,0.0,0,0.0,0,0,0,0
transport,7,2,0.1,0.0,0.0,0,0.0,0,0,0,0
transport,7,2,0.2,0.0,0.0,0,0.0,0,0,0,0
transport,7,3,0.05,0.0,0.0,0,0.0,0,0,0,0
transport,7,3,0.1,0.0,0.0,0,0.0,0,0,0,0
transport,7,3,0.2,0.0,0.0,0,0.0,0,0,0,0
transport,7,4,0.05,0.0,0.0,0,0.0,0,0,0,0
transport,7,4,0.1,0.0,0.0,0,0.0,0,0,0,0
transport,7,4,0.2,0.0,0.0,0,0.0,0,0,0,0
transport,7,5,0.05,0.0,0.0,0,0.0,0,0,0,0
transport,7,5,0.1,0.0,0.0,0,0.0,0,0,0,0
transport,7,5,0.2,0.0,0.0,0,0.0,0,0,0,0
transport,7,6,0.05,0.0,0.0,0,0.0,0,0,0,0
transport,7,6,0.1,0.0,0.0,0,0.0,0,0,0,0
transport,7,6,0.2,0.0,0.0,0,0.0,0,0,0,0
transport,7,7,0.05,0.0,0.0,0,0.0,0,0,0,0
transport,7,7,0.1,0.0,0.0,0,0.0,0,0,0,0
transport,7,7,0.2,0.0,0.0,0,0.0,0,0,0,0
transport,7,8,0.05,0.0,0.0,0,0.0,0,0,0,0
transport,7,8,0.1,0.0,0.0,0,0.0,0,0,0,0
transport,7,8,0.2,0.0,0.0,0,0.0,0,0,0,0
transport,7,9,0.05,0.0,0.0,0,0.0,0,0,0,0
transport,7,9,0.1,0.0,0.0,0,0.0,0,0,0,0
transport,7,9,0.2,0.0,0.0,0,0.0,0,0,0,0
transport,7,10,0.05,0.0,0.0,0,0.0,0,0,0,0
transport,7,10,0.1,0.0,0.0,0,0.0,0,0,0,0
transport,7,10,0.2,0.0,0.0,0,0.0,0,0,0,0
transport,7,11,0.05,0.0,0.0,0,0.0,0,0,0,0
transport,7,11,0.1,0.0,0.0,0,0.0,0,0,0,0
transport,7,11,0.2,0.0,0.0,0,0.0,0,0,0,0
transport,7,12,0.05,0.0,0.0,0,0.0,0,0,0,0
transport,7,12,0.1,0.0,0.0,0,0.0,0,0,0,0
transport,7,12,0.2,0.0,0.0,0,0.0,0,0,0,0
transport,7,13,0.05,0.0,0.0,0,0.0,0,0,0,0
transport,7,13,0.1,0.0,0.0,0,0.0,0,0,0,0
transport,7,13,0.2,0.0,0.0,0,0.0,0,0,0,0
transport,7,14,0.05,0.0,0.0,0,0.0,0,0,0,0
transport,7,14,0.1,0.0,0.0,0,0.0,0,0,0,0
transport,7,14,0.2,0.0,0.0,0,0.0,0,0,0,0
transport,7,15,0.05,0.0,0.0,0,0.0,0,0,0,0
transport,7,15,0.1,0.0,0.0,0,0.0,0,0,0,0
transport,7,15,0.2,0.0,0.0,0,0.0,0,0,0,0
transport,7,16,0.05,0.0,0.0,0,0.0,0,0,0,0
transport,7,16,0.1,0.0,0.0,0,0.0,0,0,0,0
transport,7,16,0.2,0.0,0.0,0,0.0,0,0,0,0
transport,7,17,0.05,0.0,0.0,0,0.0,0,0,0,0
transport,7,17,0.1,0.0,0.0,0,0.0,0,0,0,0
transport,7,17,0.2,0.0,0.0,0,0.0,0,0,0,0
transport,7,18,0.05,0.0,0.0,0,0.0,0,0,0,0
transport,7,18,0.1,0.0,0.0,0,0.0,0,0,0,0
transport,7,18,0.2,0.0,0.0,0,0.0,0,0,0,0
transport,7,19,0.05,0.0,0.0,0,0.0,0,0,0,0
transport,7,19,0.1,0.0,0.0,0,0.0,0,0,0,0
transport,7,19,0.2,0.0,0.0,0,0.0,0,0,0,0
transport,7,20,0.05,0.0,0.0,0,0.0,0,0,0,0
transport,7,20,0.1,0.0,0.0,0,0.0,0,0,0,0
transport,7,20,0.2,0.0,0.0,0,0.0,0,0,0,0
transport,7,21,0.05,0.0,0.0,0,0.0,0,0,0,0
transport,7,21,0.1,0.0,0.0,0,0.0,0,0,0,0
transport,7,21,0.2,0.0,0.0,0,0.0,0,0,0,0
transport,7,22,0.05,0.0,0.0,0,0.0,0,0,0,0
transport,7,22,0.1,0.0,0.0,0,0.0,0,0,0,0
transport,7,22,0.2,0.0,0.0,0,0.0,0,0,0,0
transport,7,23,0.05,0.0,0.0,0,0.0,0,0,0,0
transport,7,23,0.1,0.0,0.0,0,0.0,0,0,0,0
transport,7,23,0.2,0.0,0.0,0,0.0,0,0,0,0
transport,7,24,0.05,0.0,0.0,0,0.0,0,0,0,0
transport,7,24,0.1,0.0,0.0,0,0.0,0,0,0,0
transport,7,24,0.2,0.0,0.0,0,0.0,0,0,0,0
transport,7,25,0.05,0.0,0.0,0,0.0,0,0,0,0
transport,7,25,0.1,0.0,0.0,0,0.0,0,0,0,0
transport,7,25,0.2,0.0,0.0,0,0.0,0,0,0,0
transport,7,26,0.05,0.0,0.0,0,0.0,0,0,0,0
transport,7,26,0.1,0.0,0.0,0,0.0,0,0,0,0
transport,7,26,0.2,0.0,0.0,0,0.0,0,0,0,0
transport,7,27,0.05,0.0,0.0,0,0.0,0,0,0,0
transport,7,27,0.1,0.0,0.0,0,0.0,0,0,0,0
transport,7,27,0.2,0.0,0.0,0,0.0,0,0,0,0
state,7,1,0.05,0.14057220092546063,0.0,0,0.3040498894683596,0,0,0,0
state,7,1,0.1,0.21704510912760352,0.0,0,0.3040498894683596,0,0,0,0
state,7,1,0.2,0.38230391802514657,0.0,0,0.3040498894683596,0,0,0,0
state,7,2,0.05,0.15518388326715488,0.0,0,0.3105622799022223,0,0,0,0
state,7,2,0.1,0.23774149518100093,0.0,0,0.3105622799022223,0,0,0,0
state,7,2,0.2,0.389207819055208,0.0,0,0.3105622799022223,0,0,0,0
state,7,3,0.05,0.1603289957255128,0.0,0,0.302871053624927,0,0,0,0
state,7,3,0.1,0.23429298254802158,0.0,0,0.302871053624927,0,0,0,0
state,7,3,0.2,0.3985207581804619,0.0,0,0.302871053624927,0,0,0,0
state,7,4,0.05,0.1738220570393061,0.0,0,0.32641746933984334,0,0,0,0
state,7,4,0.1,0.2637747442889638,0.0,0,0.32641746933984334,0,0,0,0
state,7,4,0.2,0.4219437911233144,0.0,0,0.32641746933984334,0,0,0,0
state,7,5,0.05,0.1624880192519854,0.0,0,0.32346869574633413,0,0,0,0
state,7,5,0.1,0.24657387033215564,0.0,0,0.32346869574633413,0,0,0,0
state,7,5,0.2,0.4087323781391544,0.0,0,0.32346869574633413,0,0,0,0
state,7,6,0.05,0.13916177442974287,0.0,0,0.300373665459285,0,0,0,0
state,7,6,0.1,0.2181928991661675,0.0,0,0.300373665459285,0,0,0,0
state,7,6,0.2,0.38164215979185,0.0,0,0.300373665459285,0,0,0,0
state,7,7,0.05,0.15415658383168696,0.0,0,0.31228864595706723,0,0,0,0
state,7,7,0.1,0.23429382980460078,0.0,0,0.31228864595706723,0,0,0,0
state,7,7,0.2,0.39830182762396915,0.0,0,0.31228864595706723,0,0,0,0
state,7,8,0.05,0.15192576622233606,0.0,0,0.30624652987900003,0,0,0,0
state,7,8,0.1,0.22633712312358337,0.0,0,0.30624652987900003,0,0,0,0
state,7,8,0.2,0.39294035691337637,0.0,0,0.30624652987900003,0,0,0,0
state,7,9,0.05,0.17610927066841045,0.0,0,0.33954622931606426,0,0,0,0
state,7,9,0.1,0.2546169054421712,0.0,0,0.33954622931606426,0,0,0,0
state,7,9,0.2,0.41503678519832776,0.0,0,0.33954622931606426,0,0,0,0
state,7,10,0.05,0.16130379383276452,0.0,0,0.33526254599796906,0,0,0,0
state,7,10,0.1,0.24330865825560002,0.0,0,0.33526254599796906,0,0,0,0
state,7,10,0.2,0.42059405843593006,0.0,0,0.33526254599796906,0,0,0,0
state,7,11,0.05,0.16017315798933104,0.0,0,0.32515503961812264,0,0,0,0
state,7,11,0.1,0.24661069717982617,0.0,0,0.32515503961812264,0,0,0,0
state,7,11,0.2,0.41565077669755135,0.0,0,0.32515503961812264,0,0,0,0
state,7,12,0.05,0.15616058604994318,0.0,0,0.326413010172901,0,0,0,0
state,7,12,0.1,0.23736407885867136,0.0,0,0.326413010172901,0,0,0,0
state,7,12,0.2,0.413620832773223,0.0,0,0.326413010172901,0,0,0,0
state,7,13,0.05,0.16637214940925799,0.0,0,0.333335295911243,0,0,0,0
state,7,13,0.1,0.240042625579205,0.0,0,0.333335295911243,0,0,0,0
state,7,13,0.2,0.4118599406046736,0.0,0,0.333335295911243,0,0,0,0
state,7,14,0.05,0.15694509451315217,0.0,0,0.33735850889948465,0,0,0,0
state,7,14,0.1,0.25359357210810884,0.0,0,0.33735850889948465,0,0,0,0
state,7,14,0.2,0.4333151677126788,0.0,0,0.33735850889948465,0,0,0,0
state,7,15,0.05,0.14775461319379876,0.0,0,0.32410060361157633,0,0,0,0
state,7,15,0.1,0.22988832689526506,0.0,0,0.32410060361157633,0,0,0,0
state,7,15,0.2,0.40621488711784115,0.0,0,0.32410060361157633,0,0,0,0
state,7,16,0.05,0.14985985919235492,0.0,0,0.3100784833427066,0,0,0,0
state,7,16,0.1,0.23700046959614038,0.0,0,0.3100784833427066,0,0,0,0
state,7,16,0.2,0.41196620482701374,0.0,0,0.3100784833427066,0,0,0,0
state,7,17,0.05,0.14206305322168428,0.0,0,0.2817325714265073,0,0,0,0
state,7,17,0.1,0.21253039554060368,0.0,0,0.2817325714265073,0,0,0,0
state,7,17,0.2,0.3695182228444335,0.0,0,0.2817325714265073,0,0,0,0
state,7,18,0.05,0.13735306502869984,0.0,0,0.2941779890759236,0,0,0,0
state,7,18,0.1,0.21806582825374224,0.0,0,0.2941779890759236,0,0,0,0
state,7,18,0.2,0.3822428845331833,0.0,0,0.2941779890759236,0,0,0,0
state,7,19,0.05,0.13891712413177074,0.0,0,0.30973161991117887,0,0,0,0
state,7,19,0.1,0.21748777890920037,0.0,0,0.30973161991117887,0,0,0,0
state,7,19,0.2,0.38427665362043917,0.0,0,0.30973161991117887,0,0,0,0
state,7,20,0.05,0.16066622271535871,0.0,0,0.33585968479383926,0,0,0,0
state,7,20,0.1,0.2517739512195224,0.0,0,0.33585968479383926,0,0,0,0
state,7,20,0.2,0.430143461444458,0.0,0,0.33585968479383926,0,0,0,0
state,7,21,0.05,0.16136168142778612,0.0,0,0.3251678064487038,0,0,0,0
state,7,21,0.1,0.24420185714292422,0.0,0,0.3251678064487038,0,0,0,0
state,7,21,0.2,0.4130831910616051,0.0,0,0.3251678064487038,0,0,0,0
state,7,22,0.05,0.14850532029387842,0.0,0,0.28980127480883616,0,0,0,0
state,7,22,0.1,0.21671960670638776,0.0,0,0.28980127480883616,0,0,0,0
state,7,22,0.2,0.376151158789481,0.0,0,0.28980127480883616,0,0,0,0
state,7,23,0.05,0.14395824226891818,0.0,0,0.2865216080674379,0,0,0,0
state,7,23,0.1,0.21666900363095654,0.0,0,0.2865216080674379,0,0,0,0
state,7,23,0.2,0.3742917696668137,0.0,0,0.2865216080674379,0,0,0,0
state,7,24,0.05,0.15091383020679958,0.0,0,0.3102629651677001,0,0,0,0
state,7,24,0.1,0.2313738225211909,0.0,0,0.3102629651677001,0,0,0,0
state,7,24,0.2,0.38447863201582805,0.0,0,0.3102629651677001,0,0,0,0
state,7,25,0.05,0.16196434281729918,0.0,0,0.32155780445404386,0,0,0,0
state,7,25,0.1,0.24187295647546164,0.0,0,0.32155780445404386,0,0,0,0
state,7,25,0.2,0.4185499456526354,0.0,0,0.32155780445404386,0,0,0,0
state,7,26,0.05,0.16196734475840424,0.0,0,0.3331120753736867,0,0,0,0
state,7,26,0.1,0.25227054163146295,0.0,0,0.3331120753736867,0,0,0,0
state,7,26,0.2,0.4247625772791251,0.0,0,0.3331120753736867,0,0,0,0
state,7,27,0.05,0.17540283153360542,0.0,0,0.3328569039531016,0,0,0,0
state,7,27,0.1,0.25024716202936675,0.0,0,0.3328569039531016,0,0,0,0
state,7,27,0.2,0.4084617659627284,0.0,0,0.3328569039531016,0,0,0,0
event,7,1,0.05,0.0,0.0,0,0.0,0,0,0,0
event,7,1,0.1,0.0,0.0,0,0.0,0,0,0,0
event,7,1,0.2,0.0,0.0,0,0.0,0,0,0,0
event,7,2,0.05,0.0,0.0,0,0.0,0,0,0,0
event,7,2,0.1,0.0,0.0,0,0.0,0,0,0,0
event,7,2,0.2,0.0,0.0,0,0.0,0,0,0,0
event,7,3,0.05,0.0,0.0,0,0.0,0,0,0,0
event,7,3,0.1,0.0,0.0,0,0.0,0,0,0,0
event,7,3,0.2,0.0,0.0,0,0.0,0,0,0,0
event,7,4,0.05,0.0,0.0,0,0.0,0,0,0,0
event,7,4,0.1,0.0,0.0,0,0.0,0,0,0,0
event,7,4,0.2,0.0,0.0,0,0.0,0,0,0,0
event,7,5,0.05,0.0,0.0,0,0.0,0,0,0,0
event,7,5,0.1,0.0,0.0,0,0.0,0,0,0,0
event,7,5,0.2,0.0,0.0,0,0.0,0,0,0,0
event,7,6,0.05,0.0,0.0,0,0.0,0,0,0,0
event,7,6,0.1,0.0,0.0,0,0.0,0,0,0,0
event,7,6,0.2,0.0,0.0,0,0.0,0,0,0,0
event,7,7,0.05,1.0,1.0,2,0.9583333333333334,1,0,1,0
event,7,7,0.1,1.0,1.0,2,0.9583333333333334,1,0,1,0
event,7,7,0.2,1.0,1.0,2,0.9583333333333334,1,0,1,0
event,7,8,0.05,1.0,0.0,0,0.9583333333333334,0,1,1,0
event,7,8,0.1,1.0,0.0,0,0.9583333333333334,0,1,1,0
event,7,8,0.2,1.0,0.0,0,0.9583333333333334,0,1,1,0
event,7,9,0.05,0.0,0.0,0,0.0,0,0,0,0
event,7,9,0.1,0.0,0.0,0,0.0,0,0,0,0
event,7,9,0.2,0.0,0.0,0,0.0,0,0,0,0
event,7,10,0.05,0.0,0.0,0,0.0,0,0,0,0
event,7,10,0.1,0.0,0.0,0,0.0,0,0,0,0
event,7,10,0.2,0.0,0.0,0,0.0,0,0,0,0
event,7,11,0.05,0.0,0.0,0,0.0,0,0,0,0
event,7,11,0.1,0.0,0.0,0,0.0,0,0,0,0
event,7,11,0.2,0.0,0.0,0,0.0,0,0,0,0
event,7,12,0.05,0.0,0.0,0,0.0,0,0,0,0
event,7,12,0.1,0.0,0.0,0,0.0,0,0,0,0
event,7,12,0.2,0.0,0.0,0,0.0,0,0,0,0
event,7,13,0.05,0.0,0.0,0,0.0,0,0,0,0
event,7,13,0.1,0.0,0.0,0,0.0,0,0,0,0
event,7,13,0.2,0.0,0.0,0,0.0,0,0,0,0
event,7,14,0.05,0.0,0.0,0,0.0,0,0,0,0
event,7,14,0.1,0.0,0.0,0,0.0,0,0,0,0
event,7,14,0.2,0.0,0.0,0,0.0,0,0,0,0
event,7,15,0.05,1.0,1.0,2,0.9583333333333334,1,0,1,0
event,7,15,0.1,1.0,1.0,2,0.9583333333333334,1,0,1,0
event,7,15,0.2,1.0,1.0,2,0.9583333333333334,1,0,1,0
event,7,16,0.05,1.0,0.0,0,0.9583333333333334,0,1,1,0
event,7,16,0.1,1.0,0.0,0,0.9583333333333334,0,1,1,0
event,7,16,0.2,1.0,0.0,0,0.9583333333333334,0,1,1,0
event,7,17,0.05,0.0,0.0,0,0.0,0,0,0,0
event,7,17,0.1,0.0,0.0,0,0.0,0,0,0,0
event,7,17,0.2,0.0,0.0,0,0.0,0,0,0,0
event,7,18,0.05,0.0,0.0,0,0.0,0,0,0,0
event,7,18,0.1,0.0,0.0,0,0.0,0,0,0,0
event,7,18,0.2,0.0,0.0,0,0.0,0,0,0,0
event,7,19,0.05,0.0,0.0,0,0.0,0,0,0,0
event,7,19,0.1,0.0,0.0,0,0.0,0,0,0,0
event,7,19,0.2,0.0,0.0,0,0.0,0,0,0,0
event,7,20,0.05,0.0,0.0,0,0.0,0,0,0,0
event,7,20,0.1,0.0,0.0,0,0.0,0,0,0,0
event,7,20,0.2,0.0,0.0,0,0.0,0,0,0,0
event,7,21,0.05,0.0,0.0,0,0.0,0,0,0,0
event,7,21,0.1,0.0,0.0,0,0.0,0,0,0,0
event,7,21,0.2,0.0,0.0,0,0.0,0,0,0,0
event,7,22,0.05,0.0,0.0,0,0.0,0,0,0,0
event,7,22,0.1,0.0,0.0,0,0.0,0,0,0,0
event,7,22,0.2,0.0,0.0,0,0.0,0,0,0,0
event,7,23,0.05,1.0,1.0,2,0.958333333333333,1,0,1,0
event,7,23,0.1,1.0,1.0,2,0.958333333333333,1,0,1,0
event,7,23,0.2,1.0,1.0,2,0.958333333333333,1,0,1,0
event,7,24,0.05,1.0,0.0,0,0.958333333333333,0,1,1,0
event,7,24,0.1,1.0,0.0,0,0.958333333333333,0,1,1,0
event,7,24,0.2,1.0,0.0,0,0.958333333333333,0,1,1,0
event,7,25,0.05,0.0,0.0,0,0.0,0,0,0,0
event,7,25,0.1,0.0,0.0,0,0.0,0,0,0,0
event,7,25,0.2,0.0,0.0,0,0.0,0,0,0,0
event,7,26,0.05,0.0,0.0,0,0.0,0,0,0,0
event,7,26,0.1,0.0,0.0,0,0.0,0,0,0,0
event,7,26,0.2,0.0,0.0,0,0.0,0,0,0,0
event,7,27,0.05,0.0,0.0,0,0.0,0,0,0,0
event,7,27,0.1,0.0,0.0,0,0.0,0,0,0,0
event,7,27,0.2,0.0,0.0,0,0.0,0,0,0,0
scene_cut,7,1,0.05,0.0,0.0,0,0.0,0,0,0,0
scene_cut,7,1,0.1,0.0,0.0,0,0.0,0,0,0,0
scene_cut,7,1,0.2,0.0,0.0,0,0.0,0,0,0,0
scene_cut,7,2,0.05,0.0,0.0,0,0.0,0,0,0,0
scene_cut,7,2,0.1,0.0,0.0,0,0.0,0,0,0,0
scene_cut,7,2,0.2,0.0,0.0,0,0.0,0,0,0,0
scene_cut,7,3,0.05,0.0,0.0,0,0.0,0,0,0,0
scene_cut,7,3,0.1,0.0,0.0,0,0.0,0,0,0,0
scene_cut,7,3,0.2,0.0,0.0,0,0.0,0,0,0,0
scene_cut,7,4,0.05,0.0,0.0,0,0.0,0,0,0,0
scene_cut,7,4,0.1,0.0,0.0,0,0.0,0,0,0,0
scene_cut,7,4,0.2,0.0,0.0,0,0.0,0,0,0,0
scene_cut,7,5,0.05,0.0,0.0,0,0.0,0,0,0,0
scene_cut,7,5,0.1,0.0,0.0,0,0.0,0,0,0,0
scene_cut,7,5,0.2,0.0,0.0,0,0.0,0,0,0,0
scene_cut,7,6,0.05,0.0,0.0,0,0.0,0,0,0,0
scene_cut,7,6,0.1,0.0,0.0,0,0.0,0,0,0,0
scene_cut,7,6,0.2,0.0,0.0,0,0.0,0,0,0,0
scene_cut,7,7,0.05,0.0,0.0,0,0.0,0,0,0,0
scene_cut,7,7,0.1,0.0,0.0,0,0.0,0,0,0,0
scene_cut,7,7,0.2,0.0,0.0,0,0.0,0,0,0,0
scene_cut,7,8,0.05,0.0,0.0,0,0.0,0,0,0,0
scene_cut,7,8,0.1,0.0,0.0,0,0.0,0,0,0,0
scene_cut,7,8,0.2,0.0,0.0,0,0.0,0,0,0,0
scene_cut,7,9,0.05,0.0,0.0,0,0.0,0,0,0,0
scene_cut,7,9,0.1,0.0,0.0,0,0.0,0,0,0,0
scene_cut,7,9,0.2,0.0,0.0,0,0.0,0,0,0,0
scene_cut,7,10,0.05,0.0,0.0,0,0.0,0,0,0,0
scene_cut,7,10,0.1,0.0,0.0,0,0.0,0,0,0,0
scene_cut,7,10,0.2,0.0,0.0,0,0.0,0,0,0,0
scene_cut,7,11,0.05,0.0,0.0,0,0.0,0,0,0,0
scene_cut,7,11,0.1,0.0,0.0,0,0.0,0,0,0,0
scene_cut,7,11,0.2,0.0,0.0,0,0.0,0,0,0,0
scene_cut,7,12,0.05,0.0,0.0,0,0.0,0,0,0,0
scene_cut,7,12,0.1,0.0,0.0,0,0.0,0,0,0,0
scene_cut,7,12,0.2,0.0,0.0,0,0.0,0,0,0,0
scene_cut,7,13,0.05,0.0,0.0,0,0.0,0,0,0,0
scene_cut,7,13,0.1,0.0,0.0,0,0.0,0,0,0,0
scene_cut,7,13,0.2,0.0,0.0,0,0.0,0,0,0,0
scene_cut,7,14,0.05,0.0,0.0,0,0.0,0,0,0,0
scene_cut,7,14,0.1,0.0,0.0,0,0.0,0,0,0,0
scene_cut,7,14,0.2,0.0,0.0,0,0.0,0,0,0,0
scene_cut,7,15,0.05,0.0,0.0,0,0.0,0,0,0,0
scene_cut,7,15,0.1,0.0,0.0,0,0.0,0,0,0,0
scene_cut,7,15,0.2,0.0,0.0,0,0.0,0,0,0,0
scene_cut,7,16,0.05,0.0,0.0,0,0.0,0,0,0,0
scene_cut,7,16,0.1,0.0,0.0,0,0.0,0,0,0,0
scene_cut,7,16,0.2,0.0,0.0,0,0.0,0,0,0,0
scene_cut,7,17,0.05,0.0,0.0,0,0.0,0,0,0,0
scene_cut,7,17,0.1,0.0,0.0,0,0.0,0,0,0,0
scene_cut,7,17,0.2,0.0,0.0,0,0.0,0,0,0,0
scene_cut,7,18,0.05,0.0,0.0,0,0.0,0,0,0,0
scene_cut,7,18,0.1,0.0,0.0,0,0.0,0,0,0,0
scene_cut,7,18,0.2,0.0,0.0,0,0.0,0,0,0,0
scene_cut,7,19,0.05,0.0,0.0,0,0.0,0,0,0,0
scene_cut,7,19,0.1,0.0,0.0,0,0.0,0,0,0,0
scene_cut,7,19,0.2,0.0,0.0,0,0.0,0,0,0,0
scene_cut,7,20,0.05,0.11713581047947179,0.0625,48,0.23784491494861548,1,0,1,1
scene_cut,7,20,0.1,0.18241337128381616,0.10416666666666667,48,0.23784491494861548,1,0,1,1
scene_cut,7,20,0.2,0.33583612874758473,0.20833333333333334,48,0.23784491494861548,1,0,1,1
scene_cut,7,21,0.05,0.0,0.0,0,0.0,0,1,1,0
scene_cut,7,21,0.1,0.0,0.0,0,0.0,0,1,1,0
scene_cut,7,21,0.2,0.0,0.0,0,0.0,0,1,1,0
scene_cut,7,22,0.05,0.0,0.0,0,0.0,0,0,0,0
scene_cut,7,22,0.1,0.0,0.0,0,0.0,0,0,0,0
scene_cut,7,22,0.2,0.0,0.0,0,0.0,0,0,0,0
scene_cut,7,23,0.05,0.0,0.0,0,0.0,0,0,0,0
scene_cut,7,23,0.1,0.0,0.0,0,0.0,0,0,0,0
scene_cut,7,23,0.2,0.0,0.0,0,0.0,0,0,0,0
scene_cut,7,24,0.05,0.0,0.0,0,0.0,0,0,0,0
scene_cut,7,24,0.1,0.0,0.0,0,0.0,0,0,0,0
scene_cut,7,24,0.2,0.0,0.0,0,0.0,0,0,0,0
scene_cut,7,25,0.05,0.0,0.0,0,0.0,0,0,0,0
scene_cut,7,25,0.1,0.0,0.0,0,0.0,0,0,0,0
scene_cut,7,25,0.2,0.0,0.0,0,0.0,0,0,0,0
scene_cut,7,26,0.05,0.0,0.0,0,0.0,0,0,0,0
scene_cut,7,26,0.1,0.0,0.0,0,0.0,0,0,0,0
scene_cut,7,26,0.2,0.0,0.0,0,0.0,0,0,0,0
scene_cut,7,27,0.05,0.0,0.0,0,0.0,0,0,0,0
scene_cut,7,27,0.1,0.0,0.0,0,0.0,0,0,0,0
scene_cut,7,27,0.2,0.0,0.0,0,0.0,0,0,0,0
transport,42,1,0.05,0.0,0.0,0,0.0,0,0,0,0
transport,42,1,0.1,0.0,0.0,0,0.0,0,0,0,0
transport,42,1,0.2,0.0,0.0,0,0.0,0,0,0,0
transport,42,2,0.05,0.0,0.0,0,0.0,0,0,0,0
transport,42,2,0.1,0.0,0.0,0,0.0,0,0,0,0
transport,42,2,0.2,0.0,0.0,0,0.0,0,0,0,0
transport,42,3,0.05,0.0,0.0,0,0.0,0,0,0,0
transport,42,3,0.1,0.0,0.0,0,0.0,0,0,0,0
transport,42,3,0.2,0.0,0.0,0,0.0,0,0,0,0
transport,42,4,0.05,0.0,0.0,0,0.0,0,0,0,0
transport,42,4,0.1,0.0,0.0,0,0.0,0,0,0,0
transport,42,4,0.2,0.0,0.0,0,0.0,0,0,0,0
transport,42,5,0.05,0.0,0.0,0,0.0,0,0,0,0
transport,42,5,0.1,0.0,0.0,0,0.0,0,0,0,0
transport,42,5,0.2,0.0,0.0,0,0.0,0,0,0,0
transport,42,6,0.05,0.0,0.0,0,0.0,0,0,0,0
transport,42,6,0.1,0.0,0.0,0,0.0,0,0,0,0
transport,42,6,0.2,0.0,0.0,0,0.0,0,0,0,0
transport,42,7,0.05,0.0,0.0,0,0.0,0,0,0,0
transport,42,7,0.1,0.0,0.0,0,0.0,0,0,0,0
transport,42,7,0.2,0.0,0.0,0,0.0,0,0,0,0
transport,42,8,0.05,0.0,0.0,0,0.0,0,0,0,0
transport,42,8,0.1,0.0,0.0,0,0.0,0,0,0,0
transport,42,8,0.2,0.0,0.0,0,0.0,0,0,0,0
transport,42,9,0.05,0.0,0.0,0,0.0,0,0,0,0
transport,42,9,0.1,0.0,0.0,0,0.0,0,0,0,0
transport,42,9,0.2,0.0,0.0,0,0.0,0,0,0,0
transport,42,10,0.05,0.0,0.0,0,0.0,0,0,0,0
transport,42,10,0.1,0.0,0.0,0,0.0,0,0,0,0
transport,42,10,0.2,0.0,0.0,0,0.0,0,0,0,0
transport,42,11,0.05,0.0,0.0,0,0.0,0,0,0,0
transport,42,11,0.1,0.0,0.0,0,0.0,0,0,0,0
transport,42,11,0.2,0.0,0.0,0,0.0,0,0,0,0
transport,42,12,0.05,0.0,0.0,0,0.0,0,0,0,0
transport,42,12,0.1,0.0,0.0,0,0.0,0,0,0,0
transport,42,12,0.2,0.0,0.0,0,0.0,0,0,0,0
transport,42,13,0.05,0.0,0.0,0,0.0,0,0,0,0
transport,42,13,0.1,0.0,0.0,0,0.0,0,0,0,0
transport,42,13,0.2,0.0,0.0,0,0.0,0,0,0,0
transport,42,14,0.05,0.0,0.0,0,0.0,0,0,0,0
transport,42,14,0.1,0.0,0.0,0,0.0,0,0,0,0
transport,42,14,0.2,0.0,0.0,0,0.0,0,0,0,0
transport,42,15,0.05,0.0,0.0,0,0.0,0,0,0,0
transport,42,15,0.1,0.0,0.0,0,0.0,0,0,0,0
transport,42,15,0.2,0.0,0.0,0,0.0,0,0,0,0
transport,42,16,0.05,0.0,0.0,0,0.0,0,0,0,0
transport,42,16,0.1,0.0,0.0,0,0.0,0,0,0,0
transport,42,16,0.2,0.0,0.0,0,0.0,0,0,0,0
transport,42,17,0.05,0.0,0.0,0,0.0,0,0,0,0
transport,42,17,0.1,0.0,0.0,0,0.0,0,0,0,0
transport,42,17,0.2,0.0,0.0,0,0.0,0,0,0,0
transport,42,18,0.05,0.0,0.0,0,0.0,0,0,0,0
transport,42,18,0.1,0.0,0.0,0,0.0,0,0,0,0
transport,42,18,0.2,0.0,0.0,0,0.0,0,0,0,0
transport,42,19,0.05,0.0,0.0,0,0.0,0,0,0,0
transport,42,19,0.1,0.0,0.0,0,0.0,0,0,0,0
transport,42,19,0.2,0.0,0.0,0,0.0,0,0,0,0
transport,42,20,0.05,0.0,0.0,0,0.0,0,0,0,0
transport,42,20,0.1,0.0,0.0,0,0.0,0,0,0,0
transport,42,20,0.2,0.0,0.0,0,0.0,0,0,0,0
transport,42,21,0.05,0.0,0.0,0,0.0,0,0,0,0
transport,42,21,0.1,0.0,0.0,0,0.0,0,0,0,0
transport,42,21,0.2,0.0,0.0,0,0.0,0,0,0,0
transport,42,22,0.05,0.0,0.0,0,0.0,0,0,0,0
transport,42,22,0.1,0.0,0.0,0,0.0,0,0,0,0
transport,42,22,0.2,0.0,0.0,0,0.0,0,0,0,0
transport,42,23,0.05,0.0,0.0,0,0.0,0,0,0,0
transport,42,23,0.1,0.0,0.0,0,0.0,0,0,0,0
transport,42,23,0.2,0.0,0.0,0,0.0,0,0,0,0
transport,42,24,0.05,0.0,0.0,0,0.0,0,0,0,0
transport,42,24,0.1,0.0,0.0,0,0.0,0,0,0,0
transport,42,24,0.2,0.0,0.0,0,0.0,0,0,0,0
transport,42,25,0.05,0.0,0.0,0,0.0,0,0,0,0
transport,42,25,0.1,0.0,0.0,0,0.0,0,0,0,0
transport,42,25,0.2,0.0,0.0,0,0.0,0,0,0,0
transport,42,26,0.05,0.0,0.0,0,0.0,0,0,0,0
transport,42,26,0.1,0.0,0.0,0,0.0,0,0,0,0
transport,42,26,0.2,0.0,0.0,0,0.0,0,0,0,0
transport,42,27,0.05,0.0,0.0,0,0.0,0,0,0,0
transport,42,27,0.1,0.0,0.0,0,0.0,0,0,0,0
transport,42,27,0.2,0.0,0.0,0,0.0,0,0,0,0
state,42,1,0.05,0.16069640404167698,0.0,0,0.2653139283243249,0,0,0,0
state,42,1,0.1,0.23241633952501517,0.0,0,0.2653139283243249,0,0,0,0
state,42,1,0.2,0.37996912093037727,0.0,0,0.2653139283243249,0,0,0,0
state,42,2,0.05,0.16272423693957264,0.0,0,0.30191970096856063,0,0,0,0
state,42,2,0.1,0.23655609173727546,0.0,0,0.30191970096856063,0,0,0,0
state,42,2,0.2,0.3950606854023592,0.0,0,0.30191970096856063,0,0,0,0
state,42,3,0.05,0.1605916088880466,0.0,0,0.2935543196333219,0,0,0,0
state,42,3,0.1,0.23560750645679124,0.0,0,0.2935543196333219,0,0,0,0
state,42,3,0.2,0.39177869747935934,0.0,0,0.2935543196333219,0,0,0,0
state,42,4,0.05,0.15273493646306424,0.0,0,0.320726524917655,0,0,0,0
state,42,4,0.1,0.23535940907655847,0.0,0,0.320726524917655,0,0,0,0
state,42,4,0.2,0.40553640421751,0.0,0,0.320726524917655,0,0,0,0
state,42,5,0.05,0.15720872941614372,0.0,0,0.2875341233556175,0,0,0,0
state,42,5,0.1,0.23568066932070725,0.0,0,0.2875341233556175,0,0,0,0
state,42,5,0.2,0.39116135126069945,0.0,0,0.2875341233556175,0,0,0,0
state,42,6,0.05,0.17362231054957056,0.0,0,0.2830458375134762,0,0,0,0
state,42,6,0.1,0.24238277510843223,0.0,0,0.2830458375134762,0,0,0,0
state,42,6,0.2,0.37882386504512094,0.0,0,0.2830458375134762,0,0,0,0
state,42,7,0.05,0.14533546996887567,0.0,0,0.27113013978472084,0,0,0,0
state,42,7,0.1,0.22479820089071184,0.0,0,0.27113013978472084,0,0,0,0
state,42,7,0.2,0.38020657874719566,0.0,0,0.27113013978472084,0,0,0,0
state,42,8,0.05,0.1316635145447015,0.0,0,0.2740756003019322,0,0,0,0
state,42,8,0.1,0.20888505016058606,0.0,0,0.2740756003019322,0,0,0,0
state,42,8,0.2,0.36795573180443414,0.0,0,0.2740756003019322,0,0,0,0
state,42,9,0.05,0.14750951189398673,0.0,0,0.30157003074216143,0,0,0,0
state,42,9,0.1,0.2268720180565617,0.0,0,0.30157003074216143,0,0,0,0
state,42,9,0.2,0.39752801751349975,0.0,0,0.30157003074216143,0,0,0,0
state,42,10,0.05,0.15928772280453427,0.0,0,0.28817171780743056,0,0,0,0
state,42,10,0.1,0.23261058299165874,0.0,0,0.28817171780743056,0,0,0,0
state,42,10,0.2,0.38425737457530645,0.0,0,0.28817171780743056,0,0,0,0
state,42,11,0.05,0.13215502460571563,0.0,0,0.28247033642987374,0,0,0,0
state,42,11,0.1,0.20842921730993225,0.0,0,0.28247033642987374,0,0,0,0
state,42,11,0.2,0.3789508046330828,0.0,0,0.28247033642987374,0,0,0,0
state,42,12,0.05,0.1637652633980475,0.0,0,0.2850408440962771,0,0,0,0
state,42,12,0.1,0.23922966641092985,0.0,0,0.2850408440962771,0,0,0,0
state,42,12,0.2,0.38227572815619565,0.0,0,0.2850408440962771,0,0,0,0
state,42,13,0.05,0.16362357620675072,0.0,0,0.29242349345501867,0,0,0,0
state,42,13,0.1,0.2404378318514192,0.0,0,0.29242349345501867,0,0,0,0
state,42,13,0.2,0.3889587950944091,0.0,0,0.29242349345501867,0,0,0,0
state,42,14,0.05,0.16020590572522211,0.0,0,0.27671760698693443,0,0,0,0
state,42,14,0.1,0.24482818843561116,0.0,0,0.27671760698693443,0,0,0,0
state,42,14,0.2,0.38516692115664236,0.0,0,0.27671760698693443,0,0,0,0
state,42,15,0.05,0.1364782947953662,0.0,0,0.2879637013056981,0,0,0,0
state,42,15,0.1,0.2182424334914983,0.0,0,0.2879637013056981,0,0,0,0
state,42,15,0.2,0.3852731634845807,0.0,0,0.2879637013056981,0,0,0,0
state,42,16,0.05,0.13275961247309565,0.0,0,0.28617849595832956,0,0,0,0
state,42,16,0.1,0.21336459271954417,0.0,0,0.28617849595832956,0,0,0,0
state,42,16,0.2,0.38661846332789923,0.0,0,0.28617849595832956,0,0,0,0
state,42,17,0.05,0.17193401599803002,0.0,0,0.2819052428681991,0,0,0,0
state,42,17,0.1,0.24127194760799953,0.0,0,0.2819052428681991,0,0,0,0
state,42,17,0.2,0.379487662497873,0.0,0,0.2819052428681991,0,0,0,0
state,42,18,0.05,0.16121334250675906,0.0,0,0.29436928812610175,0,0,0,0
state,42,18,0.1,0.24212339951559075,0.0,0,0.29436928812610175,0,0,0,0
state,42,18,0.2,0.39216979051449663,0.0,0,0.29436928812610175,0,0,0,0
state,42,19,0.05,0.18200205959432483,0.0,0,0.28911994341999403,0,0,0,0
state,42,19,0.1,0.2546027466489085,0.0,0,0.28911994341999403,0,0,0,0
state,42,19,0.2,0.39030512002804285,0.0,0,0.28911994341999403,0,0,0,0
state,42,20,0.05,0.16813857097931612,0.0,0,0.2947209503355337,0,0,0,0
state,42,20,0.1,0.24432059749211474,0.0,0,0.2947209503355337,0,0,0,0
state,42,20,0.2,0.3936673189628306,0.0,0,0.2947209503355337,0,0,0,0
state,42,21,0.05,0.14693292094890759,0.0,0,0.29431112104985885,0,0,0,0
state,42,21,0.1,0.22873305708794558,0.0,0,0.29431112104985885,0,0,0,0
state,42,21,0.2,0.3867002707429884,0.0,0,0.29431112104985885,0,0,0,0
state,42,22,0.05,0.1818769007643412,0.0,0,0.28272309922705113,0,0,0,0
state,42,22,0.1,0.24806336289485514,0.0,0,0.28272309922705113,0,0,0,0
state,42,22,0.2,0.388999757893428,0.0,0,0.28272309922705113,0,0,0,0
state,42,23,0.05,0.17116406797153255,0.0,0,0.30783163892164705,0,0,0,0
state,42,23,0.1,0.24637586419685356,0.0,0,0.30783163892164705,0,0,0,0
state,42,23,0.2,0.40547940656103826,0.0,0,0.30783163892164705,0,0,0,0
state,42,24,0.05,0.17534976670966,0.0,0,0.30706679128911657,0,0,0,0
state,42,24,0.1,0.25028800660027256,0.0,0,0.30706679128911657,0,0,0,0
state,42,24,0.2,0.40778567528246884,0.0,0,0.30706679128911657,0,0,0,0
state,42,25,0.05,0.15711964219007707,0.0,0,0.31353046926831407,0,0,0,0
state,42,25,0.1,0.23748750721008718,0.0,0,0.31353046926831407,0,0,0,0
state,42,25,0.2,0.4133515868178091,0.0,0,0.31353046926831407,0,0,0,0
state,42,26,0.05,0.15196650807086615,0.0,0,0.3040298182862113,0,0,0,0
state,42,26,0.1,0.23540943768029565,0.0,0,0.3040298182862113,0,0,0,0
state,42,26,0.2,0.40210963815279,0.0,0,0.3040298182862113,0,0,0,0
state,42,27,0.05,0.1664324172848528,0.0,0,0.26609669437120437,0,0,0,0
state,42,27,0.1,0.23561389544865174,0.0,0,0.26609669437120437,0,0,0,0
state,42,27,0.2,0.3724384911561719,0.0,0,0.26609669437120437,0,0,0,0
event,42,1,0.05,0.0,0.0,0,0.0,0,0,0,0
event,42,1,0.1,0.0,0.0,0,0.0,0,0,0,0
event,42,1,0.2,0.0,0.0,0,0.0,0,0,0,0
event,42,2,0.05,0.0,0.0,0,0.0,0,0,0,0
event,42,2,0.1,0.0,0.0,0,0.0,0,0,0,0
event,42,2,0.2,0.0,0.0,0,0.0,0,0,0,0
event,42,3,0.05,0.0,0.0,0,0.0,0,0,0,0
event,42,3,0.1,0.0,0.0,0,0.0,0,0,0,0
event,42,3,0.2,0.0,0.0,0,0.0,0,0,0,0
event,42,4,0.05,0.0,0.0,0,0.0,0,0,0,0
event,42,4,0.1,0.0,0.0,0,0.0,0,0,0,0
event,42,4,0.2,0.0,0.0,0,0.0,0,0,0,0
event,42,5,0.05,0.0,0.0,0,0.0,0,0,0,0
event,42,5,0.1,0.0,0.0,0,0.0,0,0,0,0
event,42,5,0.2,0.0,0.0,0,0.0,0,0,0,0
event,42,6,0.05,0.0,0.0,0,0.0,0,0,0,0
event,42,6,0.1,0.0,0.0,0,0.0,0,0,0,0
event,42,6,0.2,0.0,0.0,0,0.0,0,0,0,0
event,42,7,0.05,1.0,1.0,2,0.9583333333333334,1,0,1,0
event,42,7,0.1,1.0,1.0,2,0.9583333333333334,1,0,1,0
event,42,7,0.2,1.0,1.0,2,0.9583333333333334,1,0,1,0
event,42,8,0.05,1.0,0.0,0,0.9583333333333334,0,1,1,0
event,42,8,0.1,1.0,0.0,0,0.9583333333333334,0,1,1,0
event,42,8,0.2,1.0,0.0,0,0.9583333333333334,0,1,1,0
event,42,9,0.05,0.0,0.0,0,0.0,0,0,0,0
event,42,9,0.1,0.0,0.0,0,0.0,0,0,0,0
event,42,9,0.2,0.0,0.0,0,0.0,0,0,0,0
event,42,10,0.05,0.0,0.0,0,0.0,0,0,0,0
event,42,10,0.1,0.0,0.0,0,0.0,0,0,0,0
event,42,10,0.2,0.0,0.0,0,0.0,0,0,0,0
event,42,11,0.05,0.0,0.0,0,0.0,0,0,0,0
event,42,11,0.1,0.0,0.0,0,0.0,0,0,0,0
event,42,11,0.2,0.0,0.0,0,0.0,0,0,0,0
event,42,12,0.05,0.0,0.0,0,0.0,0,0,0,0
event,42,12,0.1,0.0,0.0,0,0.0,0,0,0,0
event,42,12,0.2,0.0,0.0,0,0.0,0,0,0,0
event,42,13,0.05,0.0,0.0,0,0.0,0,0,0,0
event,42,13,0.1,0.0,0.0,0,0.0,0,0,0,0
event,42,13,0.2,0.0,0.0,0,0.0,0,0,0,0
event,42,14,0.05,0.0,0.0,0,0.0,0,0,0,0
event,42,14,0.1,0.0,0.0,0,0.0,0,0,0,0
event,42,14,0.2,0.0,0.0,0,0.0,0,0,0,0
event,42,15,0.05,0.75,0.75,4,0.9166666666666666,1,0,1,0
event,42,15,0.1,1.0,1.0,4,0.9166666666666666,1,0,1,0
event,42,15,0.2,1.0,1.0,4,0.9166666666666666,1,0,1,0
event,42,16,0.05,1.0,0.0,0,0.9791666666666666,0,1,1,0
event,42,16,0.1,1.0,0.0,0,0.9791666666666666,0,1,1,0
event,42,16,0.2,1.0,0.0,0,0.9791666666666666,0,1,1,0
event,42,17,0.05,0.0,0.0,0,0.0,0,0,0,0
event,42,17,0.1,0.0,0.0,0,0.0,0,0,0,0
event,42,17,0.2,0.0,0.0,0,0.0,0,0,0,0
event,42,18,0.05,0.0,0.0,0,0.0,0,0,0,0
event,42,18,0.1,0.0,0.0,0,0.0,0,0,0,0
event,42,18,0.2,0.0,0.0,0,0.0,0,0,0,0
event,42,19,0.05,0.0,0.0,0,0.0,0,0,0,0
event,42,19,0.1,0.0,0.0,0,0.0,0,0,0,0
event,42,19,0.2,0.0,0.0,0,0.0,0,0,0,0
event,42,20,0.05,0.0,0.0,0,0.0,0,0,0,0
event,42,20,0.1,0.0,0.0,0,0.0,0,0,0,0
event,42,20,0.2,0.0,0.0,0,0.0,0,0,0,0
event,42,21,0.05,0.0,0.0,0,0.0,0,0,0,0
event,42,21,0.1,0.0,0.0,0,0.0,0,0,0,0
event,42,21,0.2,0.0,0.0,0,0.0,0,0,0,0
event,42,22,0.05,0.0,0.0,0,0.0,0,0,0,0
event,42,22,0.1,0.0,0.0,0,0.0,0,0,0,0
event,42,22,0.2,0.0,0.0,0,0.0,0,0,0,0
event,42,23,0.05,1.0,1.0,1,0.9791666666666666,1,0,1,0
event,42,23,0.1,1.0,1.0,1,0.9791666666666666,1,0,1,0
event,42,23,0.2,1.0,1.0,1,0.9791666666666666,1,0,1,0
event,42,24,0.05,0.75,0.0,0,0.9166666666666666,0,1,1,0
event,42,24,0.1,1.0,0.0,0,0.9166666666666666,0,1,1,0
event,42,24,0.2,1.0,0.0,0,0.9166666666666666,0,1,1,0
event,42,25,0.05,0.0,0.0,0,0.0,0,0,0,0
event,42,25,0.1,0.0,0.0,0,0.0,0,0,0,0
event,42,25,0.2,0.0,0.0,0,0.0,0,0,0,0
event,42,26,0.05,0.0,0.0,0,0.0,0,0,0,0
event,42,26,0.1,0.0,0.0,0,0.0,0,0,0,0
event,42,26,0.2,0.0,0.0,0,0.0,0,0,0,0
event,42,27,0.05,0.0,0.0,0,0.0,0,0,0,0
event,42,27,0.1,0.0,0.0,0,0.0,0,0,0,0
event,42,27,0.2,0.0,0.0,0,0.0,0,0,0,0
scene_cut,42,1,0.05,0.0,0.0,0,0.0,0,0,0,0
scene_cut,42,1,0.1,0.0,0.0,0,0.0,0,0,0,0
scene_cut,42,1,0.2,0.0,0.0,0,0.0,0,0,0,0
scene_cut,42,2,0.05,0.0,0.0,0,0.0,0,0,0,0
scene_cut,42,2,0.1,0.0,0.0,0,0.0,0,0,0,0
scene_cut,42,2,0.2,0.0,0.0,0,0.0,0,0,0,0
scene_cut,42,3,0.05,0.0,0.0,0,0.0,0,0,0,0
scene_cut,42,3,0.1,0.0,0.0,0,0.0,0,0,0,0
scene_cut,42,3,0.2,0.0,0.0,0,0.0,0,0,0,0
scene_cut,42,4,0.05,0.0,0.0,0,0.0,0,0,0,0
scene_cut,42,4,0.1,0.0,0.0,0,0.0,0,0,0,0
scene_cut,42,4,0.2,0.0,0.0,0,0.0,0,0,0,0
scene_cut,42,5,0.05,0.0,0.0,0,0.0,0,0,0,0
scene_cut,42,5,0.1,0.0,0.0,0,0.0,0,0,0,0
scene_cut,42,5,0.2,0.0,0.0,0,0.0,0,0,0,0
scene_cut,42,6,0.05,0.0,0.0,0,0.0,0,0,0,0
scene_cut,42,6,0.1,0.0,0.0,0,0.0,0,0,0,0
scene_cut,42,6,0.2,0.0,0.0,0,0.0,0,0,0,0
scene_cut,42,7,0.05,0.0,0.0,0,0.0,0,0,0,0
scene_cut,42,7,0.1,0.0,0.0,0,0.0,0,0,0,0
scene_cut,42,7,0.2,0.0,0.0,0,0.0,0,0,0,0
scene_cut,42,8,0.05,0.0,0.0,0,0.0,0,0,0,0
scene_cut,42,8,0.1,0.0,0.0,0,0.0,0,0,0,0
scene_cut,42,8,0.2,0.0,0.0,0,0.0,0,0,0,0
scene_cut,42,9,0.05,0.0,0.0,0,0.0,0,0,0,0
scene_cut,42,9,0.1,0.0,0.0,0,0.0,0,0,0,0
scene_cut,42,9,0.2,0.0,0.0,0,0.0,0,0,0,0
scene_cut,42,10,0.05,0.0,0.0,0,0.0,0,0,0,0
scene_cut,42,10,0.1,0.0,0.0,0,0.0,0,0,0,0
scene_cut,42,10,0.2,0.0,0.0,0,0.0,0,0,0,0
scene_cut,42,11,0.05,0.0,0.0,0,0.0,0,0,0,0
scene_cut,42,11,0.1,0.0,0.0,0,0.0,0,0,0,0
scene_cut,42,11,0.2,0.0,0.0,0,0.0,0,0,0,0
scene_cut,42,12,0.05,0.0,0.0,0,0.0,0,0,0,0
scene_cut,42,12,0.1,0.0,0.0,0,0.0,0,0,0,0
scene_cut,42,12,0.2,0.0,0.0,0,0.0,0,0,0,0
scene_cut,42,13,0.05,0.0,0.0,0,0.0,0,0,0,0
scene_cut,42,13,0.1,0.0,0.0,0,0.0,0,0,0,0
scene_cut,42,13,0.2,0.0,0.0,0,0.0,0,0,0,0
scene_cut,42,14,0.05,0.0,0.0,0,0.0,0,0,0,0
scene_cut,42,14,0.1,0.0,0.0,0,0.0,0,0,0,0
scene_cut,42,14,0.2,0.0,0.0,0,0.0,0,0,0,0
scene_cut,42,15,0.05,0.0,0.0,0,0.0,0,0,0,0
scene_cut,42,15,0.1,0.0,0.0,0,0.0,0,0,0,0
scene_cut,42,15,0.2,0.0,0.0,0,0.0,0,0,0,0
scene_cut,42,16,0.05,0.0,0.0,0,0.0,0,0,0,0
scene_cut,42,16,0.1,0.0,0.0,0,0.0,0,0,0,0
scene_cut,42,16,0.2,0.0,0.0,0,0.0,0,0,0,0
scene_cut,42,17,0.05,0.0,0.0,0,0.0,0,0,0,0
scene_cut,42,17,0.1,0.0,0.0,0,0.0,0,0,0,0
scene_cut,42,17,0.2,0.0,0.0,0,0.0,0,0,0,0
scene_cut,42,18,0.05,0.0,0.0,0,0.0,0,0,0,0
scene_cut,42,18,0.1,0.0,0.0,0,0.0,0,0,0,0
scene_cut,42,18,0.2,0.0,0.0,0,0.0,0,0,0,0
scene_cut,42,19,0.05,0.0,0.0,0,0.0,0,0,0,0
scene_cut,42,19,0.1,0.0,0.0,0,0.0,0,0,0,0
scene_cut,42,19,0.2,0.0,0.0,0,0.0,0,0,0,0
scene_cut,42,20,0.05,0.10286860219188397,0.0625,48,0.19055761081285652,1,0,1,1
scene_cut,42,20,0.1,0.16422431121130632,0.10416666666666667,48,0.19055761081285652,1,0,1,1
scene_cut,42,20,0.2,0.305844514473062,0.20833333333333334,48,0.19055761081285652,1,0,1,1
scene_cut,42,21,0.05,0.0,0.0,0,0.0,0,1,1,0
scene_cut,42,21,0.1,0.0,0.0,0,0.0,0,1,1,0
scene_cut,42,21,0.2,0.0,0.0,0,0.0,0,1,1,0
scene_cut,42,22,0.05,0.0,0.0,0,0.0,0,0,0,0
scene_cut,42,22,0.1,0.0,0.0,0,0.0,0,0,0,0
scene_cut,42,22,0.2,0.0,0.0,0,0.0,0,0,0,0
scene_cut,42,23,0.05,0.0,0.0,0,0.0,0,0,0,0
scene_cut,42,23,0.1,0.0,0.0,0,0.0,0,0,0,0
scene_cut,42,23,0.2,0.0,0.0,0,0.0,0,0,0,0
scene_cut,42,24,0.05,0.0,0.0,0,0.0,0,0,0,0
scene_cut,42,24,0.1,0.0,0.0,0,0.0,0,0,0,0
scene_cut,42,24,0.2,0.0,0.0,0,0.0,0,0,0,0
scene_cut,42,25,0.05,0.0,0.0,0,0.0,0,0,0,0
scene_cut,42,25,0.1,0.0,0.0,0,0.0,0,0,0,0
scene_cut,42,25,0.2,0.0,0.0,0,0.0,0,0,0,0
scene_cut,42,26,0.05,0.0,0.0,0,0.0,0,0,0,0
scene_cut,42,26,0.1,0.0,0.0,0,0.0,0,0,0,0
scene_cut,42,26,0.2,0.0,0.0,0,0.0,0,0,0,0
scene_cut,42,27,0.05,0.0,0.0,0,0.0,0,0,0,0
scene_cut,42,27,0.1,0.0,0.0,0,0.0,0,0,0,0
scene_cut,42,27,0.2,0.0,0.0,0,0.0,0,0,0,0
transport,101,1,0.05,0.0,0.0,0,0.0,0,0,0,0
transport,101,1,0.1,0.0,0.0,0,0.0,0,0,0,0
transport,101,1,0.2,0.0,0.0,0,0.0,0,0,0,0
transport,101,2,0.05,0.0,0.0,0,0.0,0,0,0,0
transport,101,2,0.1,0.0,0.0,0,0.0,0,0,0,0
transport,101,2,0.2,0.0,0.0,0,0.0,0,0,0,0
transport,101,3,0.05,0.0,0.0,0,0.0,0,0,0,0
transport,101,3,0.1,0.0,0.0,0,0.0,0,0,0,0
transport,101,3,0.2,0.0,0.0,0,0.0,0,0,0,0
transport,101,4,0.05,0.0,0.0,0,0.0,0,0,0,0
transport,101,4,0.1,0.0,0.0,0,0.0,0,0,0,0
transport,101,4,0.2,0.0,0.0,0,0.0,0,0,0,0
transport,101,5,0.05,0.0,0.0,0,0.0,0,0,0,0
transport,101,5,0.1,0.0,0.0,0,0.0,0,0,0,0
transport,101,5,0.2,0.0,0.0,0,0.0,0,0,0,0
transport,101,6,0.05,0.0,0.0,0,0.0,0,0,0,0
transport,101,6,0.1,0.0,0.0,0,0.0,0,0,0,0
transport,101,6,0.2,0.0,0.0,0,0.0,0,0,0,0
transport,101,7,0.05,0.0,0.0,0,0.0,0,0,0,0
transport,101,7,0.1,0.0,0.0,0,0.0,0,0,0,0
transport,101,7,0.2,0.0,0.0,0,0.0,0,0,0,0
transport,101,8,0.05,0.0,0.0,0,0.0,0,0,0,0
transport,101,8,0.1,0.0,0.0,0,0.0,0,0,0,0
transport,101,8,0.2,0.0,0.0,0,0.0,0,0,0,0
transport,101,9,0.05,0.0,0.0,0,0.0,0,0,0,0
transport,101,9,0.1,0.0,0.0,0,0.0,0,0,0,0
transport,101,9,0.2,0.0,0.0,0,0.0,0,0,0,0
transport,101,10,0.05,0.0,0.0,0,0.0,0,0,0,0
transport,101,10,0.1,0.0,0.0,0,0.0,0,0,0,0
transport,101,10,0.2,0.0,0.0,0,0.0,0,0,0,0
transport,101,11,0.05,0.0,0.0,0,0.0,0,0,0,0
transport,101,11,0.1,0.0,0.0,0,0.0,0,0,0,0
transport,101,11,0.2,0.0,0.0,0,0.0,0,0,0,0
transport,101,12,0.05,0.0,0.0,0,0.0,0,0,0,0
transport,101,12,0.1,0.0,0.0,0,0.0,0,0,0,0
transport,101,12,0.2,0.0,0.0,0,0.0,0,0,0,0
transport,101,13,0.05,0.0,0.0,0,0.0,0,0,0,0
transport,101,13,0.1,0.0,0.0,0,0.0,0,0,0,0
transport,101,13,0.2,0.0,0.0,0,0.0,0,0,0,0
transport,101,14,0.05,0.0,0.0,0,0.0,0,0,0,0
transport,101,14,0.1,0.0,0.0,0,0.0,0,0,0,0
transport,101,14,0.2,0.0,0.0,0,0.0,0,0,0,0
transport,101,15,0.05,0.0,0.0,0,0.0,0,0,0,0
transport,101,15,0.1,0.0,0.0,0,0.0,0,0,0,0
transport,101,15,0.2,0.0,0.0,0,0.0,0,0,0,0
transport,101,16,0.05,0.0,0.0,0,0.0,0,0,0,0
transport,101,16,0.1,0.0,0.0,0,0.0,0,0,0,0
transport,101,16,0.2,0.0,0.0,0,0.0,0,0,0,0
transport,101,17,0.05,0.0,0.0,0,0.0,0,0,0,0
transport,101,17,0.1,0.0,0.0,0,0.0,0,0,0,0
transport,101,17,0.2,0.0,0.0,0,0.0,0,0,0,0
transport,101,18,0.05,0.0,0.0,0,0.0,0,0,0,0
transport,101,18,0.1,0.0,0.0,0,0.0,0,0,0,0
transport,101,18,0.2,0.0,0.0,0,0.0,0,0,0,0
transport,101,19,0.05,0.0,0.0,0,0.0,0,0,0,0
transport,101,19,0.1,0.0,0.0,0,0.0,0,0,0,0
transport,101,19,0.2,0.0,0.0,0,0.0,0,0,0,0
transport,101,20,0.05,0.0,0.0,0,0.0,0,0,0,0
transport,101,20,0.1,0.0,0.0,0,0.0,0,0,0,0
transport,101,20,0.2,0.0,0.0,0,0.0,0,0,0,0
transport,101,21,0.05,0.0,0.0,0,0.0,0,0,0,0
transport,101,21,0.1,0.0,0.0,0,0.0,0,0,0,0
transport,101,21,0.2,0.0,0.0,0,0.0,0,0,0,0
transport,101,22,0.05,0.0,0.0,0,0.0,0,0,0,0
transport,101,22,0.1,0.0,0.0,0,0.0,0,0,0,0
transport,101,22,0.2,0.0,0.0,0,0.0,0,0,0,0
transport,101,23,0.05,0.0,0.0,0,0.0,0,0,0,0
transport,101,23,0.1,0.0,0.0,0,0.0,0,0,0,0
transport,101,23,0.2,0.0,0.0,0,0.0,0,0,0,0
transport,101,24,0.05,0.0,0.0,0,0.0,0,0,0,0
transport,101,24,0.1,0.0,0.0,0,0.0,0,0,0,0
transport,101,24,0.2,0.0,0.0,0,0.0,0,0,0,0
transport,101,25,0.05,0.0,0.0,0,0.0,0,0,0,0
transport,101,25,0.1,0.0,0.0,0,0.0,0,0,0,0
transport,101,25,0.2,0.0,0.0,0,0.0,0,0,0,0
transport,101,26,0.05,0.0,0.0,0,0.0,0,0,0,0
transport,101,26,0.1,0.0,0.0,0,0.0,0,0,0,0
transport,101,26,0.2,0.0,0.0,0,0.0,0,0,0,0
transport,101,27,0.05,0.0,0.0,0,0.0,0,0,0,0
transport,101,27,0.1,0.0,0.0,0,0.0,0,0,0,0
transport,101,27,0.2,0.0,0.0,0,0.0,0,0,0,0
state,101,1,0.05,0.13364131020242762,0.0,0,0.32246511984294884,0,0,0,0
state,101,1,0.1,0.21271909343181494,0.0,0,0.32246511984294884,0,0,0,0
state,101,1,0.2,0.386833936182069,0.0,0,0.32246511984294884,0,0,0,0
state,101,2,0.05,0.13740487795268197,0.0,0,0.29071643180718604,0,0,0,0
state,101,2,0.1,0.21099245680396014,0.0,0,0.29071643180718604,0,0,0,0
state,101,2,0.2,0.3641791537907859,0.0,0,0.29071643180718604,0,0,0,0
state,101,3,0.05,0.15892370323964444,0.0,0,0.3173267505401647,0,0,0,0
state,101,3,0.1,0.2463425018371094,0.0,0,0.3173267505401647,0,0,0,0
state,101,3,0.2,0.4149479074385668,0.0,0,0.3173267505401647,0,0,0,0
state,101,4,0.05,0.15617163993424377,0.0,0,0.31515462971666813,0,0,0,0
state,101,4,0.1,0.23920260946626515,0.0,0,0.31515462971666813,0,0,0,0
state,101,4,0.2,0.39728265118322353,0.0,0,0.31515462971666813,0,0,0,0
state,101,5,0.05,0.15599308564870643,0.0,0,0.3299225506084822,0,0,0,0
state,101,5,0.1,0.23745989024087588,0.0,0,0.3299225506084822,0,0,0,0
state,101,5,0.2,0.40592764724702135,0.0,0,0.3299225506084822,0,0,0,0
state,101,6,0.05,0.1669453702805572,0.0,0,0.3538666251998143,0,0,0,0
state,101,6,0.1,0.24237849844088366,0.0,0,0.3538666251998143,0,0,0,0
state,101,6,0.2,0.41688711624133135,0.0,0,0.3538666251998143,0,0,0,0
state,101,7,0.05,0.16574487014475123,0.0,0,0.32978601402596386,0,0,0,0
state,101,7,0.1,0.24408204729642483,0.0,0,0.32978601402596386,0,0,0,0
state,101,7,0.2,0.4038181438615899,0.0,0,0.32978601402596386,0,0,0,0
state,101,8,0.05,0.14097859017911224,0.0,0,0.3128742604014268,0,0,0,0
state,101,8,0.1,0.2127655697515872,0.0,0,0.3128742604014268,0,0,0,0
state,101,8,0.2,0.38013998215427314,0.0,0,0.3128742604014268,0,0,0,0
state,101,9,0.05,0.13490324913598398,0.0,0,0.30097046513124,0,0,0,0
state,101,9,0.1,0.21104540692104137,0.0,0,0.30097046513124,0,0,0,0
state,101,9,0.2,0.3777188537283408,0.0,0,0.30097046513124,0,0,0,0
state,101,10,0.05,0.14588924303821751,0.0,0,0.32659629921511524,0,0,0,0
state,101,10,0.1,0.23106237768686977,0.0,0,0.32659629921511524,0,0,0,0
state,101,10,0.2,0.4014065723964244,0.0,0,0.32659629921511524,0,0,0,0
state,101,11,0.05,0.14249858448116925,0.0,0,0.3510823270254961,0,0,0,0
state,101,11,0.1,0.22195464673606435,0.0,0,0.3510823270254961,0,0,0,0
state,101,11,0.2,0.4105043026293575,0.0,0,0.3510823270254961,0,0,0,0
state,101,12,0.05,0.18687528471434353,0.0,0,0.3513422838263753,0,0,0,0
state,101,12,0.1,0.26007616074402223,0.0,0,0.3513422838263753,0,0,0,0
state,101,12,0.2,0.4233690626867158,0.0,0,0.3513422838263753,0,0,0,0
state,101,13,0.05,0.14249233221602003,0.0,0,0.32195057150824624,0,0,0,0
state,101,13,0.1,0.2197175496746288,0.0,0,0.32195057150824624,0,0,0,0
state,101,13,0.2,0.3836093335285915,0.0,0,0.32195057150824624,0,0,0,0
state,101,14,0.05,0.14447743278551045,0.0,0,0.32484472322339375,0,0,0,0
state,101,14,0.1,0.22286284913994017,0.0,0,0.32484472322339375,0,0,0,0
state,101,14,0.2,0.39863063813111027,0.0,0,0.32484472322339375,0,0,0,0
state,101,15,0.05,0.13865537300661032,0.0,0,0.3268580611327507,0,0,0,0
state,101,15,0.1,0.22237988741885317,0.0,0,0.3268580611327507,0,0,0,0
state,101,15,0.2,0.3975541899250341,0.0,0,0.3268580611327507,0,0,0,0
state,101,16,0.05,0.1378113804971785,0.0,0,0.3292646555191124,0,0,0,0
state,101,16,0.1,0.2214015266032417,0.0,0,0.3292646555191124,0,0,0,0
state,101,16,0.2,0.3962288145829741,0.0,0,0.3292646555191124,0,0,0,0
state,101,17,0.05,0.15332707041471239,0.0,0,0.32144540222166135,0,0,0,0
state,101,17,0.1,0.22838470748955197,0.0,0,0.32144540222166135,0,0,0,0
state,101,17,0.2,0.3920879305680362,0.0,0,0.32144540222166135,0,0,0,0
state,101,18,0.05,0.12983123735555646,0.0,0,0.31777736907971715,0,0,0,0
state,101,18,0.1,0.20641102641127007,0.0,0,0.31777736907971715,0,0,0,0
state,101,18,0.2,0.383275657793505,0.0,0,0.31777736907971715,0,0,0,0
state,101,19,0.05,0.14754032167214753,0.0,0,0.3118611019006585,0,0,0,0
state,101,19,0.1,0.2262535977981607,0.0,0,0.3118611019006585,0,0,0,0
state,101,19,0.2,0.38499472683644476,0.0,0,0.3118611019006585,0,0,0,0
state,101,20,0.05,0.12462257608487096,0.0,0,0.2947850201822317,0,0,0,0
state,101,20,0.1,0.2029679110797602,0.0,0,0.2947850201822317,0,0,0,0
state,101,20,0.2,0.3648193029970013,0.0,0,0.2947850201822317,0,0,0,0
state,101,21,0.05,0.15076065329228006,0.0,0,0.32025556713014564,0,0,0,0
state,101,21,0.1,0.23273003036004383,0.0,0,0.32025556713014564,0,0,0,0
state,101,21,0.2,0.40260255114349713,0.0,0,0.32025556713014564,0,0,0,0
state,101,22,0.05,0.1443519382271886,0.0,0,0.3166763215623565,0,0,0,0
state,101,22,0.1,0.22234383124535853,0.0,0,0.3166763215623565,0,0,0,0
state,101,22,0.2,0.38857940032313876,0.0,0,0.3166763215623565,0,0,0,0
state,101,23,0.05,0.1488568188084501,0.0,0,0.30317091004349717,0,0,0,0
state,101,23,0.1,0.22225591853033952,0.0,0,0.30317091004349717,0,0,0,0
state,101,23,0.2,0.3767096598598608,0.0,0,0.30317091004349717,0,0,0,0
state,101,24,0.05,0.1298982084636011,0.0,0,0.300023009438345,0,0,0,0
state,101,24,0.1,0.20294220511532965,0.0,0,0.300023009438345,0,0,0,0
state,101,24,0.2,0.3679455783605909,0.0,0,0.300023009438345,0,0,0,0
state,101,25,0.05,0.15802360281902147,0.0,0,0.3062278587185152,0,0,0,0
state,101,25,0.1,0.24271052019377173,0.0,0,0.3062278587185152,0,0,0,0
state,101,25,0.2,0.3922811772154071,0.0,0,0.3062278587185152,0,0,0,0
state,101,26,0.05,0.14250392803341858,0.0,0,0.3037834767351593,0,0,0,0
state,101,26,0.1,0.22168643846632866,0.0,0,0.3037834767351593,0,0,0,0
state,101,26,0.2,0.3875652408447646,0.0,0,0.3037834767351593,0,0,0,0
state,101,27,0.05,0.13878544597200684,0.0,0,0.30949812952013706,0,0,0,0
state,101,27,0.1,0.21285396752281247,0.0,0,0.30949812952013706,0,0,0,0
state,101,27,0.2,0.3827685944700776,0.0,0,0.30949812952013706,0,0,0,0
event,101,1,0.05,0.0,0.0,0,0.0,0,0,0,0
event,101,1,0.1,0.0,0.0,0,0.0,0,0,0,0
event,101,1,0.2,0.0,0.0,0,0.0,0,0,0,0
event,101,2,0.05,0.0,0.0,0,0.0,0,0,0,0
event,101,2,0.1,0.0,0.0,0,0.0,0,0,0,0
event,101,2,0.2,0.0,0.0,0,0.0,0,0,0,0
event,101,3,0.05,0.0,0.0,0,0.0,0,0,0,0
event,101,3,0.1,0.0,0.0,0,0.0,0,0,0,0
event,101,3,0.2,0.0,0.0,0,0.0,0,0,0,0
event,101,4,0.05,0.0,0.0,0,0.0,0,0,0,0
event,101,4,0.1,0.0,0.0,0,0.0,0,0,0,0
event,101,4,0.2,0.0,0.0,0,0.0,0,0,0,0
event,101,5,0.05,0.0,0.0,0,0.0,0,0,0,0
event,101,5,0.1,0.0,0.0,0,0.0,0,0,0,0
event,101,5,0.2,0.0,0.0,0,0.0,0,0,0,0
event,101,6,0.05,0.0,0.0,0,0.0,0,0,0,0
event,101,6,0.1,0.0,0.0,0,0.0,0,0,0,0
event,101,6,0.2,0.0,0.0,0,0.0,0,0,0,0
event,101,7,0.05,1.0,1.0,2,0.9583333333333334,1,0,1,0
event,101,7,0.1,1.0,1.0,2,0.9583333333333334,1,0,1,0
event,101,7,0.2,1.0,1.0,2,0.9583333333333334,1,0,1,0
event,101,8,0.05,1.0,0.0,0,0.9583333333333334,0,1,1,0
event,101,8,0.1,1.0,0.0,0,0.9583333333333334,0,1,1,0
event,101,8,0.2,1.0,0.0,0,0.9583333333333334,0,1,1,0
event,101,9,0.05,0.0,0.0,0,0.0,0,0,0,0
event,101,9,0.1,0.0,0.0,0,0.0,0,0,0,0
event,101,9,0.2,0.0,0.0,0,0.0,0,0,0,0
event,101,10,0.05,0.0,0.0,0,0.0,0,0,0,0
event,101,10,0.1,0.0,0.0,0,0.0,0,0,0,0
event,101,10,0.2,0.0,0.0,0,0.0,0,0,0,0
event,101,11,0.05,0.0,0.0,0,0.0,0,0,0,0
event,101,11,0.1,0.0,0.0,0,0.0,0,0,0,0
event,101,11,0.2,0.0,0.0,0,0.0,0,0,0,0
event,101,12,0.05,0.0,0.0,0,0.0,0,0,0,0
event,101,12,0.1,0.0,0.0,0,0.0,0,0,0,0
event,101,12,0.2,0.0,0.0,0,0.0,0,0,0,0
event,101,13,0.05,0.0,0.0,0,0.0,0,0,0,0
event,101,13,0.1,0.0,0.0,0,0.0,0,0,0,0
event,101,13,0.2,0.0,0.0,0,0.0,0,0,0,0
event,101,14,0.05,0.0,0.0,0,0.0,0,0,0,0
event,101,14,0.1,0.0,0.0,0,0.0,0,0,0,0
event,101,14,0.2,0.0,0.0,0,0.0,0,0,0,0
event,101,15,0.05,0.7499999999999999,0.75,4,0.9166666666666666,1,0,1,0
event,101,15,0.1,1.0,1.0,4,0.9166666666666666,1,0,1,0
event,101,15,0.2,1.0,1.0,4,0.9166666666666666,1,0,1,0
event,101,16,0.05,1.0,0.0,0,0.9791666666666664,0,1,1,0
event,101,16,0.1,1.0,0.0,0,0.9791666666666664,0,1,1,0
event,101,16,0.2,1.0,0.0,0,0.9791666666666664,0,1,1,0
event,101,17,0.05,0.0,0.0,0,0.0,0,0,0,0
event,101,17,0.1,0.0,0.0,0,0.0,0,0,0,0
event,101,17,0.2,0.0,0.0,0,0.0,0,0,0,0
event,101,18,0.05,0.0,0.0,0,0.0,0,0,0,0
event,101,18,0.1,0.0,0.0,0,0.0,0,0,0,0
event,101,18,0.2,0.0,0.0,0,0.0,0,0,0,0
event,101,19,0.05,0.0,0.0,0,0.0,0,0,0,0
event,101,19,0.1,0.0,0.0,0,0.0,0,0,0,0
event,101,19,0.2,0.0,0.0,0,0.0,0,0,0,0
event,101,20,0.05,0.0,0.0,0,0.0,0,0,0,0
event,101,20,0.1,0.0,0.0,0,0.0,0,0,0,0
event,101,20,0.2,0.0,0.0,0,0.0,0,0,0,0
event,101,21,0.05,0.0,0.0,0,0.0,0,0,0,0
event,101,21,0.1,0.0,0.0,0,0.0,0,0,0,0
event,101,21,0.2,0.0,0.0,0,0.0,0,0,0,0
event,101,22,0.05,0.0,0.0,0,0.0,0,0,0,0
event,101,22,0.1,0.0,0.0,0,0.0,0,0,0,0
event,101,22,0.2,0.0,0.0,0,0.0,0,0,0,0
event,101,23,0.05,1.0,1.0,2,0.9583333333333334,1,0,1,0
event,101,23,0.1,1.0,1.0,2,0.9583333333333334,1,0,1,0
event,101,23,0.2,1.0,1.0,2,0.9583333333333334,1,0,1,0
event,101,24,0.05,1.0,0.0,0,0.9583333333333334,0,1,1,0
event,101,24,0.1,1.0,0.0,0,0.9583333333333334,0,1,1,0
event,101,24,0.2,1.0,0.0,0,0.9583333333333334,0,1,1,0
event,101,25,0.05,0.0,0.0,0,0.0,0,0,0,0
event,101,25,0.1,0.0,0.0,0,0.0,0,0,0,0
event,101,25,0.2,0.0,0.0,0,0.0,0,0,0,0
event,101,26,0.05,0.0,0.0,0,0.0,0,0,0,0
event,101,26,0.1,0.0,0.0,0,0.0,0,0,0,0
event,101,26,0.2,0.0,0.0,0,0.0,0,0,0,0
event,101,27,0.05,0.0,0.0,0,0.0,0,0,0,0
event,101,27,0.1,0.0,0.0,0,0.0,0,0,0,0
event,101,27,0.2,0.0,0.0,0,0.0,0,0,0,0
scene_cut,101,1,0.05,0.0,0.0,0,0.0,0,0,0,0
scene_cut,101,1,0.1,0.0,0.0,0,0.0,0,0,0,0
scene_cut,101,1,0.2,0.0,0.0,0,0.0,0,0,0,0
scene_cut,101,2,0.05,0.0,0.0,0,0.0,0,0,0,0
scene_cut,101,2,0.1,0.0,0.0,0,0.0,0,0,0,0
scene_cut,101,2,0.2,0.0,0.0,0,0.0,0,0,0,0
scene_cut,101,3,0.05,0.0,0.0,0,0.0,0,0,0,0
scene_cut,101,3,0.1,0.0,0.0,0,0.0,0,0,0,0
scene_cut,101,3,0.2,0.0,0.0,0,0.0,0,0,0,0
scene_cut,101,4,0.05,0.0,0.0,0,0.0,0,0,0,0
scene_cut,101,4,0.1,0.0,0.0,0,0.0,0,0,0,0
scene_cut,101,4,0.2,0.0,0.0,0,0.0,0,0,0,0
scene_cut,101,5,0.05,0.0,0.0,0,0.0,0,0,0,0
scene_cut,101,5,0.1,0.0,0.0,0,0.0,0,0,0,0
scene_cut,101,5,0.2,0.0,0.0,0,0.0,0,0,0,0
scene_cut,101,6,0.05,0.0,0.0,0,0.0,0,0,0,0
scene_cut,101,6,0.1,0.0,0.0,0,0.0,0,0,0,0
scene_cut,101,6,0.2,0.0,0.0,0,0.0,0,0,0,0
scene_cut,101,7,0.05,0.0,0.0,0,0.0,0,0,0,0
scene_cut,101,7,0.1,0.0,0.0,0,0.0,0,0,0,0
scene_cut,101,7,0.2,0.0,0.0,0,0.0,0,0,0,0
scene_cut,101,8,0.05,0.0,0.0,0,0.0,0,0,0,0
scene_cut,101,8,0.1,0.0,0.0,0,0.0,0,0,0,0
scene_cut,101,8,0.2,0.0,0.0,0,0.0,0,0,0,0
scene_cut,101,9,0.05,0.0,0.0,0,0.0,0,0,0,0
scene_cut,101,9,0.1,0.0,0.0,0,0.0,0,0,0,0
scene_cut,101,9,0.2,0.0,0.0,0,0.0,0,0,0,0
scene_cut,101,10,0.05,0.0,0.0,0,0.0,0,0,0,0
scene_cut,101,10,0.1,0.0,0.0,0,0.0,0,0,0,0
scene_cut,101,10,0.2,0.0,0.0,0,0.0,0,0,0,0
scene_cut,101,11,0.05,0.0,0.0,0,0.0,0,0,0,0
scene_cut,101,11,0.1,0.0,0.0,0,0.0,0,0,0,0
scene_cut,101,11,0.2,0.0,0.0,0,0.0,0,0,0,0
scene_cut,101,12,0.05,0.0,0.0,0,0.0,0,0,0,0
scene_cut,101,12,0.1,0.0,0.0,0,0.0,0,0,0,0
scene_cut,101,12,0.2,0.0,0.0,0,0.0,0,0,0,0
scene_cut,101,13,0.05,0.0,0.0,0,0.0,0,0,0,0
scene_cut,101,13,0.1,0.0,0.0,0,0.0,0,0,0,0
scene_cut,101,13,0.2,0.0,0.0,0,0.0,0,0,0,0
scene_cut,101,14,0.05,0.0,0.0,0,0.0,0,0,0,0
scene_cut,101,14,0.1,0.0,0.0,0,0.0,0,0,0,0
scene_cut,101,14,0.2,0.0,0.0,0,0.0,0,0,0,0
scene_cut,101,15,0.05,0.0,0.0,0,0.0,0,0,0,0
scene_cut,101,15,0.1,0.0,0.0,0,0.0,0,0,0,0
scene_cut,101,15,0.2,0.0,0.0,0,0.0,0,0,0,0
scene_cut,101,16,0.05,0.0,0.0,0,0.0,0,0,0,0
scene_cut,101,16,0.1,0.0,0.0,0,0.0,0,0,0,0
scene_cut,101,16,0.2,0.0,0.0,0,0.0,0,0,0,0
scene_cut,101,17,0.05,0.0,0.0,0,0.0,0,0,0,0
scene_cut,101,17,0.1,0.0,0.0,0,0.0,0,0,0,0
scene_cut,101,17,0.2,0.0,0.0,0,0.0,0,0,0,0
scene_cut,101,18,0.05,0.0,0.0,0,0.0,0,0,0,0
scene_cut,101,18,0.1,0.0,0.0,0,0.0,0,0,0,0
scene_cut,101,18,0.2,0.0,0.0,0,0.0,0,0,0,0
scene_cut,101,19,0.05,0.0,0.0,0,0.0,0,0,0,0
scene_cut,101,19,0.1,0.0,0.0,0,0.0,0,0,0,0
scene_cut,101,19,0.2,0.0,0.0,0,0.0,0,0,0,0
scene_cut,101,20,0.05,0.13126424213008497,0.0625,48,0.2191647903794466,1,0,1,1
scene_cut,101,20,0.1,0.19950900422670254,0.10416666666666667,48,0.2191647903794466,1,0,1,1
scene_cut,101,20,0.2,0.3376746832364657,0.20833333333333334,48,0.2191647903794466,1,0,1,1
scene_cut,101,21,0.05,0.0,0.0,0,0.0,0,1,1,0
scene_cut,101,21,0.1,0.0,0.0,0,0.0,0,1,1,0
scene_cut,101,21,0.2,0.0,0.0,0,0.0,0,1,1,0
scene_cut,101,22,0.05,0.0,0.0,0,0.0,0,0,0,0
scene_cut,101,22,0.1,0.0,0.0,0,0.0,0,0,0,0
scene_cut,101,22,0.2,0.0,0.0,0,0.0,0,0,0,0
scene_cut,101,23,0.05,0.0,0.0,0,0.0,0,0,0,0
scene_cut,101,23,0.1,0.0,0.0,0,0.0,0,0,0,0
scene_cut,101,23,0.2,0.0,0.0,0,0.0,0,0,0,0
scene_cut,101,24,0.05,0.0,0.0,0,0.0,0,0,0,0
scene_cut,101,24,0.1,0.0,0.0,0,0.0,0,0,0,0
scene_cut,101,24,0.2,0.0,0.0,0,0.0,0,0,0,0
scene_cut,101,25,0.05,0.0,0.0,0,0.0,0,0,0,0
scene_cut,101,25,0.1,0.0,0.0,0,0.0,0,0,0,0
scene_cut,101,25,0.2,0.0,0.0,0,0.0,0,0,0,0
scene_cut,101,26,0.05,0.0,0.0,0,0.0,0,0,0,0
scene_cut,101,26,0.1,0.0,0.0,0,0.0,0,0,0,0
scene_cut,101,26,0.2,0.0,0.0,0,0.0,0,0,0,0
scene_cut,101,27,0.05,0.0,0.0,0,0.0,0,0,0,0
scene_cut,101,27,0.1,0.0,0.0,0,0.0,0,0,0,0
scene_cut,101,27,0.2,0.0,0.0,0,0.0,0,0,0,0
transport,2026,1,0.05,0.0,0.0,0,0.0,0,0,0,0
transport,2026,1,0.1,0.0,0.0,0,0.0,0,0,0,0
transport,2026,1,0.2,0.0,0.0,0,0.0,0,0,0,0
transport,2026,2,0.05,0.0,0.0,0,0.0,0,0,0,0
transport,2026,2,0.1,0.0,0.0,0,0.0,0,0,0,0
transport,2026,2,0.2,0.0,0.0,0,0.0,0,0,0,0
transport,2026,3,0.05,0.0,0.0,0,0.0,0,0,0,0
transport,2026,3,0.1,0.0,0.0,0,0.0,0,0,0,0
transport,2026,3,0.2,0.0,0.0,0,0.0,0,0,0,0
transport,2026,4,0.05,0.0,0.0,0,0.0,0,0,0,0
transport,2026,4,0.1,0.0,0.0,0,0.0,0,0,0,0
transport,2026,4,0.2,0.0,0.0,0,0.0,0,0,0,0
transport,2026,5,0.05,0.0,0.0,0,0.0,0,0,0,0
transport,2026,5,0.1,0.0,0.0,0,0.0,0,0,0,0
transport,2026,5,0.2,0.0,0.0,0,0.0,0,0,0,0
transport,2026,6,0.05,0.0,0.0,0,0.0,0,0,0,0
transport,2026,6,0.1,0.0,0.0,0,0.0,0,0,0,0
transport,2026,6,0.2,0.0,0.0,0,0.0,0,0,0,0
transport,2026,7,0.05,0.0,0.0,0,0.0,0,0,0,0
transport,2026,7,0.1,0.0,0.0,0,0.0,0,0,0,0
transport,2026,7,0.2,0.0,0.0,0,0.0,0,0,0,0
transport,2026,8,0.05,0.0,0.0,0,0.0,0,0,0,0
transport,2026,8,0.1,0.0,0.0,0,0.0,0,0,0,0
transport,2026,8,0.2,0.0,0.0,0,0.0,0,0,0,0
transport,2026,9,0.05,0.0,0.0,0,0.0,0,0,0,0
transport,2026,9,0.1,0.0,0.0,0,0.0,0,0,0,0
transport,2026,9,0.2,0.0,0.0,0,0.0,0,0,0,0
transport,2026,10,0.05,0.0,0.0,0,0.0,0,0,0,0
transport,2026,10,0.1,0.0,0.0,0,0.0,0,0,0,0
transport,2026,10,0.2,0.0,0.0,0,0.0,0,0,0,0
transport,2026,11,0.05,0.0,0.0,0,0.0,0,0,0,0
transport,2026,11,0.1,0.0,0.0,0,0.0,0,0,0,0
transport,2026,11,0.2,0.0,0.0,0,0.0,0,0,0,0
transport,2026,12,0.05,0.0,0.0,0,0.0,0,0,0,0
transport,2026,12,0.1,0.0,0.0,0,0.0,0,0,0,0
transport,2026,12,0.2,0.0,0.0,0,0.0,0,0,0,0
transport,2026,13,0.05,0.0,0.0,0,0.0,0,0,0,0
transport,2026,13,0.1,0.0,0.0,0,0.0,0,0,0,0
transport,2026,13,0.2,0.0,0.0,0,0.0,0,0,0,0
transport,2026,14,0.05,0.0,0.0,0,0.0,0,0,0,0
transport,2026,14,0.1,0.0,0.0,0,0.0,0,0,0,0
transport,2026,14,0.2,0.0,0.0,0,0.0,0,0,0,0
transport,2026,15,0.05,0.0,0.0,0,0.0,0,0,0,0
transport,2026,15,0.1,0.0,0.0,0,0.0,0,0,0,0
transport,2026,15,0.2,0.0,0.0,0,0.0,0,0,0,0
transport,2026,16,0.05,0.0,0.0,0,0.0,0,0,0,0
transport,2026,16,0.1,0.0,0.0,0,0.0,0,0,0,0
transport,2026,16,0.2,0.0,0.0,0,0.0,0,0,0,0
transport,2026,17,0.05,0.0,0.0,0,0.0,0,0,0,0
transport,2026,17,0.1,0.0,0.0,0,0.0,0,0,0,0
transport,2026,17,0.2,0.0,0.0,0,0.0,0,0,0,0
transport,2026,18,0.05,0.0,0.0,0,0.0,0,0,0,0
transport,2026,18,0.1,0.0,0.0,0,0.0,0,0,0,0
transport,2026,18,0.2,0.0,0.0,0,0.0,0,0,0,0
transport,2026,19,0.05,0.0,0.0,0,0.0,0,0,0,0
transport,2026,19,0.1,0.0,0.0,0,0.0,0,0,0,0
transport,2026,19,0.2,0.0,0.0,0,0.0,0,0,0,0
transport,2026,20,0.05,0.0,0.0,0,0.0,0,0,0,0
transport,2026,20,0.1,0.0,0.0,0,0.0,0,0,0,0
transport,2026,20,0.2,0.0,0.0,0,0.0,0,0,0,0
transport,2026,21,0.05,0.0,0.0,0,0.0,0,0,0,0
transport,2026,21,0.1,0.0,0.0,0,0.0,0,0,0,0
transport,2026,21,0.2,0.0,0.0,0,0.0,0,0,0,0
transport,2026,22,0.05,0.0,0.0,0,0.0,0,0,0,0
transport,2026,22,0.1,0.0,0.0,0,0.0,0,0,0,0
transport,2026,22,0.2,0.0,0.0,0,0.0,0,0,0,0
transport,2026,23,0.05,0.0,0.0,0,0.0,0,0,0,0
transport,2026,23,0.1,0.0,0.0,0,0.0,0,0,0,0
transport,2026,23,0.2,0.0,0.0,0,0.0,0,0,0,0
transport,2026,24,0.05,0.0,0.0,0,0.0,0,0,0,0
transport,2026,24,0.1,0.0,0.0,0,0.0,0,0,0,0
transport,2026,24,0.2,0.0,0.0,0,0.0,0,0,0,0
transport,2026,25,0.05,0.0,0.0,0,0.0,0,0,0,0
transport,2026,25,0.1,0.0,0.0,0,0.0,0,0,0,0
transport,2026,25,0.2,0.0,0.0,0,0.0,0,0,0,0
transport,2026,26,0.05,0.0,0.0,0,0.0,0,0,0,0
transport,2026,26,0.1,0.0,0.0,0,0.0,0,0,0,0
transport,2026,26,0.2,0.0,0.0,0,0.0,0,0,0,0
transport,2026,27,0.05,0.0,0.0,0,0.0,0,0,0,0
transport,2026,27,0.1,0.0,0.0,0,0.0,0,0,0,0
transport,2026,27,0.2,0.0,0.0,0,0.0,0,0,0,0
state,2026,1,0.05,0.1536422993149063,0.0,0,0.3367224813508172,0,0,0,0
state,2026,1,0.1,0.23759746133730067,0.0,0,0.3367224813508172,0,0,0,0
state,2026,1,0.2,0.4168821129133983,0.0,0,0.3367224813508172,0,0,0,0
state,2026,2,0.05,0.15703634810243453,0.0,0,0.33677814566804304,0,0,0,0
state,2026,2,0.1,0.24516290763187837,0.0,0,0.33677814566804304,0,0,0,0
state,2026,2,0.2,0.4194044787638721,0.0,0,0.33677814566804304,0,0,0,0
state,2026,3,0.05,0.16199966931699394,0.0,0,0.3437610185216471,0,0,0,0
state,2026,3,0.1,0.25228090976495127,0.0,0,0.3437610185216471,0,0,0,0
state,2026,3,0.2,0.4235615835267023,0.0,0,0.3437610185216471,0,0,0,0
state,2026,4,0.05,0.1443278938537643,0.0,0,0.3305715720327586,0,0,0,0
state,2026,4,0.1,0.22765686363036358,0.0,0,0.3305715720327586,0,0,0,0
state,2026,4,0.2,0.404899745191884,0.0,0,0.3305715720327586,0,0,0,0
state,2026,5,0.05,0.13345296341737348,0.0,0,0.3335896792669472,0,0,0,0
state,2026,5,0.1,0.21622617094338395,0.0,0,0.3335896792669472,0,0,0,0
state,2026,5,0.2,0.3997769896966922,0.0,0,0.3335896792669472,0,0,0,0
state,2026,6,0.05,0.14338947817365802,0.0,0,0.33459996575836115,0,0,0,0
state,2026,6,0.1,0.2210732041026184,0.0,0,0.33459996575836115,0,0,0,0
state,2026,6,0.2,0.4031576862619621,0.0,0,0.33459996575836115,0,0,0,0
state,2026,7,0.05,0.1554644697157789,0.0,0,0.32711020400436475,0,0,0,0
state,2026,7,0.1,0.23079695606040235,0.0,0,0.32711020400436475,0,0,0,0
state,2026,7,0.2,0.39967221861076574,0.0,0,0.32711020400436475,0,0,0,0
state,2026,8,0.05,0.14530460023166095,0.0,0,0.31203787965120977,0,0,0,0
state,2026,8,0.1,0.22032250531411052,0.0,0,0.31203787965120977,0,0,0,0
state,2026,8,0.2,0.3851480016104533,0.0,0,0.31203787965120977,0,0,0,0
state,2026,9,0.05,0.13299965647803988,0.0,0,0.3054881769219147,0,0,0,0
state,2026,9,0.1,0.21557969047624279,0.0,0,0.3054881769219147,0,0,0,0
state,2026,9,0.2,0.3958708915433586,0.0,0,0.3054881769219147,0,0,0,0
state,2026,10,0.05,0.14643290520446106,0.0,0,0.3220251207277345,0,0,0,0
state,2026,10,0.1,0.22029737997844773,0.0,0,0.3220251207277345,0,0,0,0
state,2026,10,0.2,0.3875356299398863,0.0,0,0.3220251207277345,0,0,0,0
state,2026,11,0.05,0.158529355019979,0.0,0,0.33229578482679134,0,0,0,0
state,2026,11,0.1,0.23240533764712,0.0,0,0.33229578482679134,0,0,0,0
state,2026,11,0.2,0.3990812323888438,0.0,0,0.33229578482679134,0,0,0,0
state,2026,12,0.05,0.15130894895145053,0.0,0,0.33205721387952164,0,0,0,0
state,2026,12,0.1,0.23133690911653318,0.0,0,0.33205721387952164,0,0,0,0
state,2026,12,0.2,0.4093858378107615,0.0,0,0.33205721387952164,0,0,0,0
state,2026,13,0.05,0.17363131364794182,0.0,0,0.34058683449478205,0,0,0,0
state,2026,13,0.1,0.251335451711122,0.0,0,0.34058683449478205,0,0,0,0
state,2026,13,0.2,0.41255475347377724,0.0,0,0.34058683449478205,0,0,0,0
state,2026,14,0.05,0.15496481180689625,0.0,0,0.3461152290790048,0,0,0,0
state,2026,14,0.1,0.24188427823265918,0.0,0,0.3461152290790048,0,0,0,0
state,2026,14,0.2,0.41631273835478827,0.0,0,0.3461152290790048,0,0,0,0
state,2026,15,0.05,0.14468539380747852,0.0,0,0.33162741069334495,0,0,0,0
state,2026,15,0.1,0.22375243858574295,0.0,0,0.33162741069334495,0,0,0,0
state,2026,15,0.2,0.4010777279756292,0.0,0,0.33162741069334495,0,0,0,0
state,2026,16,0.05,0.14088441351225386,0.0,0,0.31970248460469336,0,0,0,0
state,2026,16,0.1,0.22528874175077115,0.0,0,0.31970248460469336,0,0,0,0
state,2026,16,0.2,0.39170188613620843,0.0,0,0.31970248460469336,0,0,0,0
state,2026,17,0.05,0.15433404776892445,0.0,0,0.3193951275882867,0,0,0,0
state,2026,17,0.1,0.22655542458590458,0.0,0,0.3193951275882867,0,0,0,0
state,2026,17,0.2,0.39305947236152505,0.0,0,0.3193951275882867,0,0,0,0
state,2026,18,0.05,0.16069912000144818,0.0,0,0.33711193560585784,0,0,0,0
state,2026,18,0.1,0.2425204133466191,0.0,0,0.33711193560585784,0,0,0,0
state,2026,18,0.2,0.4110703658757031,0.0,0,0.33711193560585784,0,0,0,0
state,2026,19,0.05,0.15431926868153933,0.0,0,0.3295913765940159,0,0,0,0
state,2026,19,0.1,0.23814203347657437,0.0,0,0.3295913765940159,0,0,0,0
state,2026,19,0.2,0.41590765923917755,0.0,0,0.3295913765940159,0,0,0,0
state,2026,20,0.05,0.1464590326885554,0.0,0,0.32480797416460955,0,0,0,0
state,2026,20,0.1,0.23014899450083776,0.0,0,0.32480797416460955,0,0,0,0
state,2026,20,0.2,0.4169526062381689,0.0,0,0.32480797416460955,0,0,0,0
state,2026,21,0.05,0.14393201677403458,0.0,0,0.3302810757064014,0,0,0,0
state,2026,21,0.1,0.22653341973961705,0.0,0,0.3302810757064014,0,0,0,0
state,2026,21,0.2,0.39678803884158753,0.0,0,0.3302810757064014,0,0,0,0
state,2026,22,0.05,0.160853344054271,0.0,0,0.33398892015036896,0,0,0,0
state,2026,22,0.1,0.24052423000439968,0.0,0,0.33398892015036896,0,0,0,0
state,2026,22,0.2,0.40969554193458857,0.0,0,0.33398892015036896,0,0,0,0
state,2026,23,0.05,0.14766585084967584,0.0,0,0.32048369623558387,0,0,0,0
state,2026,23,0.1,0.22118250391976138,0.0,0,0.32048369623558387,0,0,0,0
state,2026,23,0.2,0.3855108870680124,0.0,0,0.32048369623558387,0,0,0,0
state,2026,24,0.05,0.14148512220224774,0.0,0,0.3245672016285261,0,0,0,0
state,2026,24,0.1,0.2256524836951972,0.0,0,0.3245672016285261,0,0,0,0
state,2026,24,0.2,0.4092144780262873,0.0,0,0.3245672016285261,0,0,0,0
state,2026,25,0.05,0.13073968829352112,0.0,0,0.3393393865323402,0,0,0,0
state,2026,25,0.1,0.21435063145653369,0.0,0,0.3393393865323402,0,0,0,0
state,2026,25,0.2,0.40185519326717367,0.0,0,0.3393393865323402,0,0,0,0
state,2026,26,0.05,0.14974449390593564,0.0,0,0.3610047065823026,0,0,0,0
state,2026,26,0.1,0.23468628553737056,0.0,0,0.3610047065823026,0,0,0,0
state,2026,26,0.2,0.4319243502825288,0.0,0,0.3610047065823026,0,0,0,0
state,2026,27,0.05,0.17004054890624895,0.0,0,0.3560981404636158,0,0,0,0
state,2026,27,0.1,0.25150448552504123,0.0,0,0.3560981404636158,0,0,0,0
state,2026,27,0.2,0.4278239183136235,0.0,0,0.3560981404636158,0,0,0,0
event,2026,1,0.05,0.0,0.0,0,0.0,0,0,0,0
event,2026,1,0.1,0.0,0.0,0,0.0,0,0,0,0
event,2026,1,0.2,0.0,0.0,0,0.0,0,0,0,0
event,2026,2,0.05,0.0,0.0,0,0.0,0,0,0,0
event,2026,2,0.1,0.0,0.0,0,0.0,0,0,0,0
event,2026,2,0.2,0.0,0.0,0,0.0,0,0,0,0
event,2026,3,0.05,0.0,0.0,0,0.0,0,0,0,0
event,2026,3,0.1,0.0,0.0,0,0.0,0,0,0,0
event,2026,3,0.2,0.0,0.0,0,0.0,0,0,0,0
event,2026,4,0.05,0.0,0.0,0,0.0,0,0,0,0
event,2026,4,0.1,0.0,0.0,0,0.0,0,0,0,0
event,2026,4,0.2,0.0,0.0,0,0.0,0,0,0,0
event,2026,5,0.05,0.0,0.0,0,0.0,0,0,0,0
event,2026,5,0.1,0.0,0.0,0,0.0,0,0,0,0
event,2026,5,0.2,0.0,0.0,0,0.0,0,0,0,0
event,2026,6,0.05,0.0,0.0,0,0.0,0,0,0,0
event,2026,6,0.1,0.0,0.0,0,0.0,0,0,0,0
event,2026,6,0.2,0.0,0.0,0,0.0,0,0,0,0
event,2026,7,0.05,1.0,1.0,2,0.9583333333333334,1,0,1,0
event,2026,7,0.1,1.0,1.0,2,0.9583333333333334,1,0,1,0
event,2026,7,0.2,1.0,1.0,2,0.9583333333333334,1,0,1,0
event,2026,8,0.05,1.0,0.0,0,0.9583333333333334,0,1,1,0
event,2026,8,0.1,1.0,0.0,0,0.9583333333333334,0,1,1,0
event,2026,8,0.2,1.0,0.0,0,0.9583333333333334,0,1,1,0
event,2026,9,0.05,0.0,0.0,0,0.0,0,0,0,0
event,2026,9,0.1,0.0,0.0,0,0.0,0,0,0,0
event,2026,9,0.2,0.0,0.0,0,0.0,0,0,0,0
event,2026,10,0.05,0.0,0.0,0,0.0,0,0,0,0
event,2026,10,0.1,0.0,0.0,0,0.0,0,0,0,0
event,2026,10,0.2,0.0,0.0,0,0.0,0,0,0,0
event,2026,11,0.05,0.0,0.0,0,0.0,0,0,0,0
event,2026,11,0.1,0.0,0.0,0,0.0,0,0,0,0
event,2026,11,0.2,0.0,0.0,0,0.0,0,0,0,0
event,2026,12,0.05,0.0,0.0,0,0.0,0,0,0,0
event,2026,12,0.1,0.0,0.0,0,0.0,0,0,0,0
event,2026,12,0.2,0.0,0.0,0,0.0,0,0,0,0
event,2026,13,0.05,0.0,0.0,0,0.0,0,0,0,0
event,2026,13,0.1,0.0,0.0,0,0.0,0,0,0,0
event,2026,13,0.2,0.0,0.0,0,0.0,0,0,0,0
event,2026,14,0.05,0.0,0.0,0,0.0,0,0,0,0
event,2026,14,0.1,0.0,0.0,0,0.0,0,0,0,0
event,2026,14,0.2,0.0,0.0,0,0.0,0,0,0,0
event,2026,15,0.05,1.0,1.0,1,0.9791666666666666,1,0,1,0
event,2026,15,0.1,1.0,1.0,1,0.9791666666666666,1,0,1,0
event,2026,15,0.2,1.0,1.0,1,0.9791666666666666,1,0,1,0
event,2026,16,0.05,0.75,0.0,0,0.9166666666666666,0,1,1,0
event,2026,16,0.1,1.0,0.0,0,0.9166666666666666,0,1,1,0
event,2026,16,0.2,1.0,0.0,0,0.9166666666666666,0,1,1,0
event,2026,17,0.05,0.0,0.0,0,0.0,0,0,0,0
event,2026,17,0.1,0.0,0.0,0,0.0,0,0,0,0
event,2026,17,0.2,0.0,0.0,0,0.0,0,0,0,0
event,2026,18,0.05,0.0,0.0,0,0.0,0,0,0,0
event,2026,18,0.1,0.0,0.0,0,0.0,0,0,0,0
event,2026,18,0.2,0.0,0.0,0,0.0,0,0,0,0
event,2026,19,0.05,0.0,0.0,0,0.0,0,0,0,0
event,2026,19,0.1,0.0,0.0,0,0.0,0,0,0,0
event,2026,19,0.2,0.0,0.0,0,0.0,0,0,0,0
event,2026,20,0.05,0.0,0.0,0,0.0,0,0,0,0
event,2026,20,0.1,0.0,0.0,0,0.0,0,0,0,0
event,2026,20,0.2,0.0,0.0,0,0.0,0,0,0,0
event,2026,21,0.05,0.0,0.0,0,0.0,0,0,0,0
event,2026,21,0.1,0.0,0.0,0,0.0,0,0,0,0
event,2026,21,0.2,0.0,0.0,0,0.0,0,0,0,0
event,2026,22,0.05,0.0,0.0,0,0.0,0,0,0,0
event,2026,22,0.1,0.0,0.0,0,0.0,0,0,0,0
event,2026,22,0.2,0.0,0.0,0,0.0,0,0,0,0
event,2026,23,0.05,1.0,1.0,1,0.9791666666666666,1,0,1,0
event,2026,23,0.1,1.0,1.0,1,0.9791666666666666,1,0,1,0
event,2026,23,0.2,1.0,1.0,1,0.9791666666666666,1,0,1,0
event,2026,24,0.05,0.7500000000000001,0.0,0,0.9166666666666666,0,1,1,0
event,2026,24,0.1,1.0,0.0,0,0.9166666666666666,0,1,1,0
event,2026,24,0.2,1.0,0.0,0,0.9166666666666666,0,1,1,0
event,2026,25,0.05,0.0,0.0,0,0.0,0,0,0,0
event,2026,25,0.1,0.0,0.0,0,0.0,0,0,0,0
event,2026,25,0.2,0.0,0.0,0,0.0,0,0,0,0
event,2026,26,0.05,0.0,0.0,0,0.0,0,0,0,0
event,2026,26,0.1,0.0,0.0,0,0.0,0,0,0,0
event,2026,26,0.2,0.0,0.0,0,0.0,0,0,0,0
event,2026,27,0.05,0.0,0.0,0,0.0,0,0,0,0
event,2026,27,0.1,0.0,0.0,0,0.0,0,0,0,0
event,2026,27,0.2,0.0,0.0,0,0.0,0,0,0,0
scene_cut,2026,1,0.05,0.0,0.0,0,0.0,0,0,0,0
scene_cut,2026,1,0.1,0.0,0.0,0,0.0,0,0,0,0
scene_cut,2026,1,0.2,0.0,0.0,0,0.0,0,0,0,0
scene_cut,2026,2,0.05,0.0,0.0,0,0.0,0,0,0,0
scene_cut,2026,2,0.1,0.0,0.0,0,0.0,0,0,0,0
scene_cut,2026,2,0.2,0.0,0.0,0,0.0,0,0,0,0
scene_cut,2026,3,0.05,0.0,0.0,0,0.0,0,0,0,0
scene_cut,2026,3,0.1,0.0,0.0,0,0.0,0,0,0,0
scene_cut,2026,3,0.2,0.0,0.0,0,0.0,0,0,0,0
scene_cut,2026,4,0.05,0.0,0.0,0,0.0,0,0,0,0
scene_cut,2026,4,0.1,0.0,0.0,0,0.0,0,0,0,0
scene_cut,2026,4,0.2,0.0,0.0,0,0.0,0,0,0,0
scene_cut,2026,5,0.05,0.0,0.0,0,0.0,0,0,0,0
scene_cut,2026,5,0.1,0.0,0.0,0,0.0,0,0,0,0
scene_cut,2026,5,0.2,0.0,0.0,0,0.0,0,0,0,0
scene_cut,2026,6,0.05,0.0,0.0,0,0.0,0,0,0,0
scene_cut,2026,6,0.1,0.0,0.0,0,0.0,0,0,0,0
scene_cut,2026,6,0.2,0.0,0.0,0,0.0,0,0,0,0
scene_cut,2026,7,0.05,0.0,0.0,0,0.0,0,0,0,0
scene_cut,2026,7,0.1,0.0,0.0,0,0.0,0,0,0,0
scene_cut,2026,7,0.2,0.0,0.0,0,0.0,0,0,0,0
scene_cut,2026,8,0.05,0.0,0.0,0,0.0,0,0,0,0
scene_cut,2026,8,0.1,0.0,0.0,0,0.0,0,0,0,0
scene_cut,2026,8,0.2,0.0,0.0,0,0.0,0,0,0,0
scene_cut,2026,9,0.05,0.0,0.0,0,0.0,0,0,0,0
scene_cut,2026,9,0.1,0.0,0.0,0,0.0,0,0,0,0
scene_cut,2026,9,0.2,0.0,0.0,0,0.0,0,0,0,0
scene_cut,2026,10,0.05,0.0,0.0,0,0.0,0,0,0,0
scene_cut,2026,10,0.1,0.0,0.0,0,0.0,0,0,0,0
scene_cut,2026,10,0.2,0.0,0.0,0,0.0,0,0,0,0
scene_cut,2026,11,0.05,0.0,0.0,0,0.0,0,0,0,0
scene_cut,2026,11,0.1,0.0,0.0,0,0.0,0,0,0,0
scene_cut,2026,11,0.2,0.0,0.0,0,0.0,0,0,0,0
scene_cut,2026,12,0.05,0.0,0.0,0,0.0,0,0,0,0
scene_cut,2026,12,0.1,0.0,0.0,0,0.0,0,0,0,0
scene_cut,2026,12,0.2,0.0,0.0,0,0.0,0,0,0,0
scene_cut,2026,13,0.05,0.0,0.0,0,0.0,0,0,0,0
scene_cut,2026,13,0.1,0.0,0.0,0,0.0,0,0,0,0
scene_cut,2026,13,0.2,0.0,0.0,0,0.0,0,0,0,0
scene_cut,2026,14,0.05,0.0,0.0,0,0.0,0,0,0,0
scene_cut,2026,14,0.1,0.0,0.0,0,0.0,0,0,0,0
scene_cut,2026,14,0.2,0.0,0.0,0,0.0,0,0,0,0
scene_cut,2026,15,0.05,0.0,0.0,0,0.0,0,0,0,0
scene_cut,2026,15,0.1,0.0,0.0,0,0.0,0,0,0,0
scene_cut,2026,15,0.2,0.0,0.0,0,0.0,0,0,0,0
scene_cut,2026,16,0.05,0.0,0.0,0,0.0,0,0,0,0
scene_cut,2026,16,0.1,0.0,0.0,0,0.0,0,0,0,0
scene_cut,2026,16,0.2,0.0,0.0,0,0.0,0,0,0,0
scene_cut,2026,17,0.05,0.0,0.0,0,0.0,0,0,0,0
scene_cut,2026,17,0.1,0.0,0.0,0,0.0,0,0,0,0
scene_cut,2026,17,0.2,0.0,0.0,0,0.0,0,0,0,0
scene_cut,2026,18,0.05,0.0,0.0,0,0.0,0,0,0,0
scene_cut,2026,18,0.1,0.0,0.0,0,0.0,0,0,0,0
scene_cut,2026,18,0.2,0.0,0.0,0,0.0,0,0,0,0
scene_cut,2026,19,0.05,0.0,0.0,0,0.0,0,0,0,0
scene_cut,2026,19,0.1,0.0,0.0,0,0.0,0,0,0,0
scene_cut,2026,19,0.2,0.0,0.0,0,0.0,0,0,0,0
scene_cut,2026,20,0.05,0.12077479702377147,0.0625,48,0.22714322751252705,1,0,1,1
scene_cut,2026,20,0.1,0.1884187553254729,0.10416666666666667,48,0.22714322751252705,1,0,1,1
scene_cut,2026,20,0.2,0.3363703590870857,0.20833333333333334,48,0.22714322751252705,1,0,1,1
scene_cut,2026,21,0.05,0.0,0.0,0,0.0,0,1,1,0
scene_cut,2026,21,0.1,0.0,0.0,0,0.0,0,1,1,0
scene_cut,2026,21,0.2,0.0,0.0,0,0.0,0,1,1,0
scene_cut,2026,22,0.05,0.0,0.0,0,0.0,0,0,0,0
scene_cut,2026,22,0.1,0.0,0.0,0,0.0,0,0,0,0
scene_cut,2026,22,0.2,0.0,0.0,0,0.0,0,0,0,0
scene_cut,2026,23,0.05,0.0,0.0,0,0.0,0,0,0,0
scene_cut,2026,23,0.1,0.0,0.0,0,0.0,0,0,0,0
scene_cut,2026,23,0.2,0.0,0.0,0,0.0,0,0,0,0
scene_cut,2026,24,0.05,0.0,0.0,0,0.0,0,0,0,0
scene_cut,2026,24,0.1,0.0,0.0,0,0.0,0,0,0,0
scene_cut,2026,24,0.2,0.0,0.0,0,0.0,0,0,0,0
scene_cut,2026,25,0.05,0.0,0.0,0,0.0,0,0,0,0
scene_cut,2026,25,0.1,0.0,0.0,0,0.0,0,0,0,0
scene_cut,2026,25,0.2,0.0,0.0,0,0.0,0,0,0,0
scene_cut,2026,26,0.05,0.0,0.0,0,0.0,0,0,0,0
scene_cut,2026,26,0.1,0.0,0.0,0,0.0,0,0,0,0
scene_cut,2026,26,0.2,0.0,0.0,0,0.0,0,0,0,0
scene_cut,2026,27,0.05,0.0,0.0,0,0.0,0,0,0,0
scene_cut,2026,27,0.1,0.0,0.0,0,0.0,0,0,0,0
scene_cut,2026,27,0.2,0.0,0.0,0,0.0,0,0,0,0
