case,sample_id,prompt_index,seed,layer,sampling_step,timestep,branch,head,mask,tail_rank,tokens,query_samples,oracle_only,logical_density,execution_density,keys_mean,keys_min,keys_max,exact_attention_mass,tail_defect_energy_explained,output_relative_l2,output_cosine
f81_l0_t1000_cond,,,,0,,1000,cond,0,s3,0,32760,128,False,0.012529350817203522,0.015228076837956905,389.75,168,576,0.047109685838222504,0.0,0.7828279137611389,0.7805088758468628
f81_l0_t1000_cond,,,,0,,1000,cond,0,s3,8,32760,128,True,0.012529350817203522,0.015228076837956905,389.75,168,576,0.047109685838222504,0.8423969745635986,0.31077679991722107,0.9551221132278442
f81_l0_t1000_cond,,,,0,,1000,cond,0,s3,16,32760,128,True,0.012529350817203522,0.015228076837956905,389.75,168,576,0.047109685838222504,0.9432447552680969,0.1864958554506302,0.9831123948097229
f81_l0_t1000_cond,,,,0,,1000,cond,0,s5,0,32760,128,False,0.026429980993270874,0.03253999724984169,834.0,440,1200,0.09344255179166794,0.0,0.5514844059944153,0.8726282715797424
f81_l0_t1000_cond,,,,0,,1000,cond,0,s5,8,32760,128,True,0.026429980993270874,0.03253999724984169,834.0,440,1200,0.09344255179166794,0.8886337280273438,0.1840391308069229,0.9835859537124634
f81_l0_t1000_cond,,,,0,,1000,cond,0,s5,16,32760,128,True,0.026429980993270874,0.03253999724984169,834.0,440,1200,0.09344255179166794,0.9619816541671753,0.10753011703491211,0.9942806363105774
f81_l0_t1000_cond,,,,0,,1000,cond,0,s3_tfull,0,32760,128,False,0.048220157623291016,0.06011082977056503,1502.25,648,1856,0.0865941047668457,0.0,0.7596961855888367,0.7886881828308105
f81_l0_t1000_cond,,,,0,,1000,cond,0,s3_tfull,8,32760,128,True,0.048220157623291016,0.06011082977056503,1502.25,648,1856,0.0865941047668457,0.9313325881958008,0.199074387550354,0.9807955622673035
f81_l0_t1000_cond,,,,0,,1000,cond,0,s3_tfull,16,32760,128,True,0.048220157623291016,0.06011082977056503,1502.25,648,1856,0.0865941047668457,0.976901113986969,0.11546114832162857,0.9934123158454895
f81_l0_t1000_cond,,,,0,,1000,cond,0,s5_tfull,0,32760,128,False,0.06212078407406807,0.07742274552583694,1946.5,920,2480,0.13292697072029114,0.0,0.5330426692962646,0.8784787654876709
f81_l0_t1000_cond,,,,0,,1000,cond,0,s5_tfull,8,32760,128,True,0.06212078407406807,0.07742274552583694,1946.5,920,2480,0.13292697072029114,0.9214949011802673,0.1493518054485321,0.9890917539596558
f81_l0_t1000_cond,,,,0,,1000,cond,0,s5_tfull,16,32760,128,True,0.06212078407406807,0.07742274552583694,1946.5,920,2480,0.13292697072029114,0.973406195640564,0.08692672103643417,0.9962512254714966
f81_l0_t1000_cond,,,,0,,1000,cond,0,s3_temporal_pm2,0,32760,128,False,0.05906694009900093,0.07178950309753418,1836.0,504,2880,0.17064540088176727,0.0,0.5600147247314453,0.8653133511543274
f81_l0_t1000_cond,,,,0,,1000,cond,0,s3_temporal_pm2,8,32760,128,True,0.05906694009900093,0.07178950309753418,1836.0,504,2880,0.17064540088176727,0.9416809678077698,0.13523969054222107,0.9910143613815308
f81_l0_t1000_cond,,,,0,,1000,cond,0,s3_temporal_pm2,16,32760,128,True,0.05906694009900093,0.07178950309753418,1836.0,504,2880,0.17064540088176727,0.9829831123352051,0.07305322587490082,0.9973462224006653
f81_l0_t1000_cond,,,,0,,1000,cond,0,s3_tfull_anchor12,0,32760,128,False,0.0691748633980751,0.08589551597833633,2189.625,1368,2576,0.10553839802742004,0.0,0.6122118234634399,0.8497291207313538
f81_l0_t1000_cond,,,,0,,1000,cond,0,s3_tfull_anchor12,8,32760,128,True,0.0691748633980751,0.08589551597833633,2189.625,1368,2576,0.10553839802742004,0.9275485873222351,0.1647879034280777,0.9867273569107056
f81_l0_t1000_cond,,,,0,,1000,cond,0,s3_tfull_anchor12,16,32760,128,True,0.0691748633980751,0.08589551597833633,2189.625,1368,2576,0.10553839802742004,0.9764213562011719,0.09400705993175507,0.9956188797950745
f81_l0_t1000_cond,,,,0,,1000,cond,1,s3,0,32760,128,False,0.012529350817203522,0.015228076837956905,389.75,168,576,0.20600034296512604,0.0,0.72453373670578,0.8238335847854614
f81_l0_t1000_cond,,,,0,,1000,cond,1,s3,8,32760,128,True,0.012529350817203522,0.015228076837956905,389.75,168,576,0.20600034296512604,0.7361863851547241,0.3721407353878021,0.9390881657600403
f81_l0_t1000_cond,,,,0,,1000,cond,1,s3,16,32760,128,True,0.012529350817203522,0.015228076837956905,389.75,168,576,0.20600034296512604,0.9089556336402893,0.21861761808395386,0.9772221446037292
f81_l0_t1000_cond,,,,0,,1000,cond,1,s5,0,32760,128,False,0.026429980993270874,0.03253999724984169,834.0,440,1200,0.2093714028596878,0.0,0.7118456363677979,0.8278316855430603
f81_l0_t1000_cond,,,,0,,1000,cond,1,s5,8,32760,128,True,0.026429980993270874,0.03253999724984169,834.0,440,1200,0.2093714028596878,0.7369431257247925,0.3650989830493927,0.9411216974258423
f81_l0_t1000_cond,,,,0,,1000,cond,1,s5,16,32760,128,True,0.026429980993270874,0.03253999724984169,834.0,440,1200,0.2093714028596878,0.9090122580528259,0.21472235023975372,0.9779942035675049
f81_l0_t1000_cond,,,,0,,1000,cond,1,s3_tfull,0,32760,128,False,0.048220157623291016,0.06011082977056503,1502.25,648,1856,0.6177764534950256,0.0,0.25855016708374023,0.9695019721984863
f81_l0_t1000_cond,,,,0,,1000,cond,1,s3_tfull,8,32760,128,True,0.048220157623291016,0.06011082977056503,1502.25,648,1856,0.6177764534950256,0.7694405317306519,0.12414705753326416,0.9924749135971069
f81_l0_t1000_cond,,,,0,,1000,cond,1,s3_tfull,16,32760,128,True,0.048220157623291016,0.06011082977056503,1502.25,648,1856,0.6177764534950256,0.9246827363967896,0.07095653563737869,0.9975064396858215
f81_l0_t1000_cond,,,,0,,1000,cond,1,s5_tfull,0,32760,128,False,0.06212078407406807,0.07742274552583694,1946.5,920,2480,0.6211475133895874,0.0,0.2562205493450165,0.9699761867523193
f81_l0_t1000_cond,,,,0,,1000,cond,1,s5_tfull,8,32760,128,True,0.06212078407406807,0.07742274552583694,1946.5,920,2480,0.6211475133895874,0.7696669697761536,0.12296799570322037,0.9926142692565918
f81_l0_t1000_cond,,,,0,,1000,cond,1,s5_tfull,16,32760,128,True,0.06212078407406807,0.07742274552583694,1946.5,920,2480,0.6211475133895874,0.9245626926422119,0.07037319242954254,0.997546911239624
f81_l0_t1000_cond,,,,0,,1000,cond,1,s3_temporal_pm2,0,32760,128,False,0.05906694009900093,0.07178950309753418,1836.0,504,2880,0.7284659743309021,0.0,0.14708341658115387,0.9902793765068054
f81_l0_t1000_cond,,,,0,,1000,cond,1,s3_temporal_pm2,8,32760,128,True,0.05906694009900093,0.07178950309753418,1836.0,504,2880,0.7284659743309021,0.7742530703544617,0.06988349556922913,0.9976122379302979
f81_l0_t1000_cond,,,,0,,1000,cond,1,s3_temporal_pm2,16,32760,128,True,0.05906694009900093,0.07178950309753418,1836.0,504,2880,0.7284659743309021,0.9211509823799133,0.04130110889673233,0.9991528391838074
f81_l0_t1000_cond,,,,0,,1000,cond,1,s3_tfull_anchor12,0,32760,128,False,0.0691748633980751,0.08589551597833633,2189.625,1368,2576,0.6237304210662842,0.0,0.2539544403553009,0.9705249667167664
f81_l0_t1000_cond,,,,0,,1000,cond,1,s3_tfull_anchor12,8,32760,128,True,0.0691748633980751,0.08589551597833633,2189.625,1368,2576,0.6237304210662842,0.7674751281738281,0.12245894223451614,0.9926691651344299
f81_l0_t1000_cond,,,,0,,1000,cond,1,s3_tfull_anchor12,16,32760,128,True,0.0691748633980751,0.08589551597833633,2189.625,1368,2576,0.6237304210662842,0.923790454864502,0.07010681182146072,0.9975652694702148
f81_l0_t1000_cond,,,,0,,1000,cond,2,s3,0,32760,128,False,0.012529350817203522,0.015228076837956905,389.75,168,576,0.016517026349902153,0.0,0.7238354086875916,0.7998453378677368
f81_l0_t1000_cond,,,,0,,1000,cond,2,s3,8,32760,128,True,0.012529350817203522,0.015228076837956905,389.75,168,576,0.016517026349902153,0.9208175539970398,0.20368263125419617,0.9799376726150513
f81_l0_t1000_cond,,,,0,,1000,cond,2,s3,16,32760,128,True,0.012529350817203522,0.015228076837956905,389.75,168,576,0.016517026349902153,0.9730045795440674,0.11892813444137573,0.9930133819580078
f81_l0_t1000_cond,,,,0,,1000,cond,2,s5,0,32760,128,False,0.026429980993270874,0.03253999724984169,834.0,440,1200,0.03390419855713844,0.0,0.6441723704338074,0.8316864967346191
f81_l0_t1000_cond,,,,0,,1000,cond,2,s5,8,32760,128,True,0.026429980993270874,0.03253999724984169,834.0,440,1200,0.03390419855713844,0.9627131223678589,0.1243882030248642,0.9923548698425293
f81_l0_t1000_cond,,,,0,,1000,cond,2,s5,16,32760,128,True,0.026429980993270874,0.03253999724984169,834.0,440,1200,0.03390419855713844,0.9874663949012756,0.07211723178625107,0.9974114298820496
f81_l0_t1000_cond,,,,0,,1000,cond,2,s3_tfull,0,32760,128,False,0.048220157623291016,0.06011082977056503,1502.25,648,1856,0.05560748279094696,0.0,0.4793088138103485,0.9000567197799683
f81_l0_t1000_cond,,,,0,,1000,cond,2,s3_tfull,8,32760,128,True,0.048220157623291016,0.06011082977056503,1502.25,648,1856,0.05560748279094696,0.9609687924385071,0.09469348937273026,0.9955495595932007
f81_l0_t1000_cond,,,,0,,1000,cond,2,s3_tfull,16,32760,128,True,0.048220157623291016,0.06011082977056503,1502.25,648,1856,0.05560748279094696,0.9879937171936035,0.05251901596784592,0.9986241459846497
f81_l0_t1000_cond,,,,0,,1000,cond,2,s5_tfull,0,32760,128,False,0.06212078407406807,0.07742274552583694,1946.5,920,2480,0.0729946494102478,0.0,0.4208318591117859,0.9194533228874207
f81_l0_t1000_cond,,,,0,,1000,cond,2,s5_tfull,8,32760,128,True,0.06212078407406807,0.07742274552583694,1946.5,920,2480,0.0729946494102478,0.9608168005943298,0.08330246806144714,0.9965532422065735
f81_l0_t1000_cond,,,,0,,1000,cond,2,s5_tfull,16,32760,128,True,0.06212078407406807,0.07742274552583694,1946.5,920,2480,0.0729946494102478,0.9870543479919434,0.04788164794445038,0.998856246471405
f81_l0_t1000_cond,,,,0,,1000,cond,2,s3_temporal_pm2,0,32760,128,False,0.05906694009900093,0.07178950309753418,1836.0,504,2880,0.07192584127187729,0.0,0.48707398772239685,0.8954348564147949
f81_l0_t1000_cond,,,,0,,1000,cond,2,s3_temporal_pm2,8,32760,128,True,0.05906694009900093,0.07178950309753418,1836.0,504,2880,0.07192584127187729,0.9678812026977539,0.0872919037938118,0.9962146282196045
f81_l0_t1000_cond,,,,0,,1000,cond,2,s3_temporal_pm2,16,32760,128,True,0.05906694009900093,0.07178950309753418,1836.0,504,2880,0.07192584127187729,0.9908324480056763,0.04663626104593277,0.9989143013954163
f81_l0_t1000_cond,,,,0,,1000,cond,2,s3_tfull_anchor12,0,32760,128,False,0.0691748633980751,0.08589551597833633,2189.625,1368,2576,0.07545004785060883,0.0,0.3576169013977051,0.9404048919677734
f81_l0_t1000_cond,,,,0,,1000,cond,2,s3_tfull_anchor12,8,32760,128,True,0.0691748633980751,0.08589551597833633,2189.625,1368,2576,0.07545004785060883,0.9620123505592346,0.06970112025737762,0.9975831508636475
f81_l0_t1000_cond,,,,0,,1000,cond,2,s3_tfull_anchor12,16,32760,128,True,0.0691748633980751,0.08589551597833633,2189.625,1368,2576,0.07545004785060883,0.9886013269424438,0.03818083181977272,0.9992716312408447
f81_l0_t1000_cond,,,,0,,1000,cond,3,s3,0,32760,128,False,0.012529350817203522,0.015228076837956905,389.75,168,576,0.012562085874378681,0.0,0.6778688430786133,0.8221980929374695
f81_l0_t1000_cond,,,,0,,1000,cond,3,s3,8,32760,128,True,0.012529350817203522,0.015228076837956905,389.75,168,576,0.012562085874378681,0.886126697063446,0.22874756157398224,0.9749003052711487
f81_l0_t1000_cond,,,,0,,1000,cond,3,s3,16,32760,128,True,0.012529350817203522,0.015228076837956905,389.75,168,576,0.012562085874378681,0.9538979530334473,0.14554783701896667,0.9895869493484497
f81_l0_t1000_cond,,,,0,,1000,cond,3,s5,0,32760,128,False,0.026429980993270874,0.03253999724984169,834.0,440,1200,0.02618490345776081,0.0,0.4327974319458008,0.9153878688812256
f81_l0_t1000_cond,,,,0,,1000,cond,3,s5,8,32760,128,True,0.026429980993270874,0.03253999724984169,834.0,440,1200,0.02618490345776081,0.891547441482544,0.1425294280052185,0.9900059103965759
f81_l0_t1000_cond,,,,0,,1000,cond,3,s5,16,32760,128,True,0.026429980993270874,0.03253999724984169,834.0,440,1200,0.02618490345776081,0.9600014090538025,0.08655784279108047,0.9962797164916992
f81_l0_t1000_cond,,,,0,,1000,cond,3,s3_tfull,0,32760,128,False,0.048220157623291016,0.06011082977056503,1502.25,648,1856,0.049474749714136124,0.0,0.8139529824256897,0.7632282376289368
f81_l0_t1000_cond,,,,0,,1000,cond,3,s3_tfull,8,32760,128,True,0.048220157623291016,0.06011082977056503,1502.25,648,1856,0.049474749714136124,0.9851282238960266,0.09926167130470276,0.9951114654541016
f81_l0_t1000_cond,,,,0,,1000,cond,3,s3_tfull,16,32760,128,True,0.048220157623291016,0.06011082977056503,1502.25,648,1856,0.049474749714136124,0.9948643445968628,0.05833057314157486,0.9983037114143372
f81_l0_t1000_cond,,,,0,,1000,cond,3,s5_tfull,0,32760,128,False,0.06212078407406807,0.07742274552583694,1946.5,920,2480,0.06309756636619568,0.0,0.6592923998832703,0.8259949684143066
f81_l0_t1000_cond,,,,0,,1000,cond,3,s5_tfull,8,32760,128,True,0.06212078407406807,0.07742274552583694,1946.5,920,2480,0.06309756636619568,0.9809229373931885,0.09106137603521347,0.9958834648132324
f81_l0_t1000_cond,,,,0,,1000,cond,3,s5_tfull,16,32760,128,True,0.06212078407406807,0.07742274552583694,1946.5,920,2480,0.06309756636619568,0.9930481314659119,0.05497090518474579,0.9984936118125916
f81_l0_t1000_cond,,,,0,,1000,cond,3,s3_temporal_pm2,0,32760,128,False,0.05906694009900093,0.07178950309753418,1836.0,504,2880,0.05906924977898598,0.0,0.6398726105690002,0.8356751799583435
f81_l0_t1000_cond,,,,0,,1000,cond,3,s3_temporal_pm2,8,32760,128,True,0.05906694009900093,0.07178950309753418,1836.0,504,2880,0.05906924977898598,0.9783620834350586,0.0941242054104805,0.9956022500991821
f81_l0_t1000_cond,,,,0,,1000,cond,3,s3_temporal_pm2,16,32760,128,True,0.05906694009900093,0.07178950309753418,1836.0,504,2880,0.05906924977898598,0.9924492835998535,0.05560155212879181,0.9984584450721741
f81_l0_t1000_cond,,,,0,,1000,cond,3,s3_tfull_anchor12,0,32760,128,False,0.0691748633980751,0.08589551597833633,2189.625,1368,2576,0.07030075788497925,0.0,0.5005131363868713,0.8880175948143005
f81_l0_t1000_cond,,,,0,,1000,cond,3,s3_tfull_anchor12,8,32760,128,True,0.0691748633980751,0.08589551597833633,2189.625,1368,2576,0.07030075788497925,0.9807832837104797,0.06938324868679047,0.9976030588150024
f81_l0_t1000_cond,,,,0,,1000,cond,3,s3_tfull_anchor12,16,32760,128,True,0.0691748633980751,0.08589551597833633,2189.625,1368,2576,0.07030075788497925,0.9933931231498718,0.0406830869615078,0.9991735816001892
f81_l0_t1000_cond,,,,0,,1000,cond,4,s3,0,32760,128,False,0.012529350817203522,0.015228076837956905,389.75,168,576,0.7214235663414001,0.0,0.3508269190788269,0.9673621654510498
f81_l0_t1000_cond,,,,0,,1000,cond,4,s3,8,32760,128,True,0.012529350817203522,0.015228076837956905,389.75,168,576,0.7214235663414001,0.6705999970436096,0.20135150849819183,0.9838533401489258
f81_l0_t1000_cond,,,,0,,1000,cond,4,s3,16,32760,128,True,0.012529350817203522,0.015228076837956905,389.75,168,576,0.7214235663414001,0.8715572357177734,0.12573261559009552,0.9927761554718018
f81_l0_t1000_cond,,,,0,,1000,cond,4,s5,0,32760,128,False,0.026429980993270874,0.03253999724984169,834.0,440,1200,0.7359496355056763,0.0,0.3300606310367584,0.9698103666305542
f81_l0_t1000_cond,,,,0,,1000,cond,4,s5,8,32760,128,True,0.026429980993270874,0.03253999724984169,834.0,440,1200,0.7359496355056763,0.6709578633308411,0.18933004140853882,0.9854338765144348
f81_l0_t1000_cond,,,,0,,1000,cond,4,s5,16,32760,128,True,0.026429980993270874,0.03253999724984169,834.0,440,1200,0.7359496355056763,0.8695036768913269,0.11923210322856903,0.9934520721435547
f81_l0_t1000_cond,,,,0,,1000,cond,4,s3_tfull,0,32760,128,False,0.048220157623291016,0.06011082977056503,1502.25,648,1856,0.8375766277313232,0.0,0.22457432746887207,0.9830318093299866
f81_l0_t1000_cond,,,,0,,1000,cond,4,s3_tfull,8,32760,128,True,0.048220157623291016,0.06011082977056503,1502.25,648,1856,0.8375766277313232,0.701064944267273,0.12278589606285095,0.9934661984443665
f81_l0_t1000_cond,,,,0,,1000,cond,4,s3_tfull,16,32760,128,True,0.048220157623291016,0.06011082977056503,1502.25,648,1856,0.8375766277313232,0.8959794640541077,0.07243017852306366,0.9975289106369019
f81_l0_t1000_cond,,,,0,,1000,cond,4,s5_tfull,0,32760,128,False,0.06212078407406807,0.07742274552583694,1946.5,920,2480,0.8521025776863098,0.0,0.20940598845481873,0.9845728874206543
f81_l0_t1000_cond,,,,0,,1000,cond,4,s5_tfull,8,32760,128,True,0.06212078407406807,0.07742274552583694,1946.5,920,2480,0.8521025776863098,0.7026740312576294,0.11418408900499344,0.9942460060119629
f81_l0_t1000_cond,,,,0,,1000,cond,4,s5_tfull,16,32760,128,True,0.06212078407406807,0.07742274552583694,1946.5,920,2480,0.8521025776863098,0.8954523801803589,0.06770896166563034,0.9978209137916565
f81_l0_t1000_cond,,,,0,,1000,cond,4,s3_temporal_pm2,0,32760,128,False,0.05906694009900093,0.07178950309753418,1836.0,504,2880,0.9370511770248413,0.0,0.08492496609687805,0.9972001910209656
f81_l0_t1000_cond,,,,0,,1000,cond,4,s3_temporal_pm2,8,32760,128,True,0.05906694009900093,0.07178950309753418,1836.0,504,2880,0.9370511770248413,0.8701862096786499,0.03059818409383297,0.9996660947799683
f81_l0_t1000_cond,,,,0,,1000,cond,4,s3_temporal_pm2,16,32760,128,True,0.05906694009900093,0.07178950309753418,1836.0,504,2880,0.9370511770248413,0.9630987644195557,0.016313817352056503,0.9998802542686462
f81_l0_t1000_cond,,,,0,,1000,cond,4,s3_tfull_anchor12,0,32760,128,False,0.0691748633980751,0.08589551597833633,2189.625,1368,2576,0.8392643928527832,0.0,0.22335244715213776,0.9831163287162781
f81_l0_t1000_cond,,,,0,,1000,cond,4,s3_tfull_anchor12,8,32760,128,True,0.0691748633980751,0.08589551597833633,2189.625,1368,2576,0.8392643928527832,0.7012908458709717,0.12207170575857162,0.9935473203659058
f81_l0_t1000_cond,,,,0,,1000,cond,4,s3_tfull_anchor12,16,32760,128,True,0.0691748633980751,0.08589551597833633,2189.625,1368,2576,0.8392643928527832,0.8962889909744263,0.07192881405353546,0.9975610375404358
f81_l0_t1000_cond,,,,0,,1000,cond,5,s3,0,32760,128,False,0.012529350817203522,0.015228076837956905,389.75,168,576,0.7160215377807617,0.0,0.27908527851104736,0.9730654358863831
f81_l0_t1000_cond,,,,0,,1000,cond,5,s3,8,32760,128,True,0.012529350817203522,0.015228076837956905,389.75,168,576,0.7160215377807617,0.7326448559761047,0.14430491626262665,0.990633487701416
f81_l0_t1000_cond,,,,0,,1000,cond,5,s3,16,32760,128,True,0.012529350817203522,0.015228076837956905,389.75,168,576,0.7160215377807617,0.9155749082565308,0.08109097182750702,0.9968266487121582
f81_l0_t1000_cond,,,,0,,1000,cond,5,s5,0,32760,128,False,0.026429980993270874,0.03253999724984169,834.0,440,1200,0.7311052083969116,0.0,0.26410743594169617,0.9750928282737732
f81_l0_t1000_cond,,,,0,,1000,cond,5,s5,8,32760,128,True,0.026429980993270874,0.03253999724984169,834.0,440,1200,0.7311052083969116,0.7324632406234741,0.13660679757595062,0.9915252923965454
f81_l0_t1000_cond,,,,0,,1000,cond,5,s5,16,32760,128,True,0.026429980993270874,0.03253999724984169,834.0,440,1200,0.7311052083969116,0.9149569869041443,0.07701942324638367,0.9971289038658142
f81_l0_t1000_cond,,,,0,,1000,cond,5,s3_tfull,0,32760,128,False,0.048220157623291016,0.06011082977056503,1502.25,648,1856,0.8255223035812378,0.0,0.17129650712013245,0.9883991479873657
f81_l0_t1000_cond,,,,0,,1000,cond,5,s3_tfull,8,32760,128,True,0.048220157623291016,0.06011082977056503,1502.25,648,1856,0.8255223035812378,0.7421758770942688,0.08697820454835892,0.9964560270309448
f81_l0_t1000_cond,,,,0,,1000,cond,5,s3_tfull,16,32760,128,True,0.048220157623291016,0.06011082977056503,1502.25,648,1856,0.8255223035812378,0.9216942191123962,0.04793419688940048,0.998878002166748
f81_l0_t1000_cond,,,,0,,1000,cond,5,s5_tfull,0,32760,128,False,0.06212078407406807,0.07742274552583694,1946.5,920,2480,0.8406059741973877,0.0,0.16022948920726776,0.9895254969596863
f81_l0_t1000_cond,,,,0,,1000,cond,5,s5_tfull,8,32760,128,True,0.06212078407406807,0.07742274552583694,1946.5,920,2480,0.8406059741973877,0.7438295483589172,0.08109743148088455,0.9968929290771484
f81_l0_t1000_cond,,,,0,,1000,cond,5,s5_tfull,16,32760,128,True,0.06212078407406807,0.07742274552583694,1946.5,920,2480,0.8406059741973877,0.9218100309371948,0.044804103672504425,0.9990167617797852
f81_l0_t1000_cond,,,,0,,1000,cond,5,s3_temporal_pm2,0,32760,128,False,0.05906694009900093,0.07178950309753418,1836.0,504,2880,0.9396315217018127,0.0,0.059814102947711945,0.9985544681549072
f81_l0_t1000_cond,,,,0,,1000,cond,5,s3_temporal_pm2,8,32760,128,True,0.05906694009900093,0.07178950309753418,1836.0,504,2880,0.9396315217018127,0.8483748435974121,0.023291047662496567,0.9997518062591553
f81_l0_t1000_cond,,,,0,,1000,cond,5,s3_temporal_pm2,16,32760,128,True,0.05906694009900093,0.07178950309753418,1836.0,504,2880,0.9396315217018127,0.9607911705970764,0.011843944899737835,0.9999321699142456
f81_l0_t1000_cond,,,,0,,1000,cond,5,s3_tfull_anchor12,0,32760,128,False,0.0691748633980751,0.08589551597833633,2189.625,1368,2576,0.8275644779205322,0.0,0.16985903680324554,0.9885412454605103
f81_l0_t1000_cond,,,,0,,1000,cond,5,s3_tfull_anchor12,8,32760,128,True,0.0691748633980751,0.08589551597833633,2189.625,1368,2576,0.8275644779205322,0.7421776652336121,0.08624798059463501,0.9965111017227173
f81_l0_t1000_cond,,,,0,,1000,cond,5,s3_tfull_anchor12,16,32760,128,True,0.0691748633980751,0.08589551597833633,2189.625,1368,2576,0.8275644779205322,0.9217027425765991,0.04752936214208603,0.9988959431648254
f81_l0_t1000_cond,,,,0,,1000,cond,6,s3,0,32760,128,False,0.012529350817203522,0.015228076837956905,389.75,168,576,0.4396730661392212,0.0,0.267668217420578,0.9687466621398926
f81_l0_t1000_cond,,,,0,,1000,cond,6,s3,8,32760,128,True,0.012529350817203522,0.015228076837956905,389.75,168,576,0.4396730661392212,0.7667953968048096,0.12926039099693298,0.9919351935386658
f81_l0_t1000_cond,,,,0,,1000,cond,6,s3,16,32760,128,True,0.012529350817203522,0.015228076837956905,389.75,168,576,0.4396730661392212,0.9517568349838257,0.05879155546426773,0.998282790184021
f81_l0_t1000_cond,,,,0,,1000,cond,6,s5,0,32760,128,False,0.026429980993270874,0.03253999724984169,834.0,440,1200,0.5568329095840454,0.0,0.1851433962583542,0.9843288660049438
f81_l0_t1000_cond,,,,0,,1000,cond,6,s5,8,32760,128,True,0.026429980993270874,0.03253999724984169,834.0,440,1200,0.5568329095840454,0.7907003164291382,0.08470175415277481,0.9965021014213562
f81_l0_t1000_cond,,,,0,,1000,cond,6,s5,16,32760,128,True,0.026429980993270874,0.03253999724984169,834.0,440,1200,0.5568329095840454,0.9545900225639343,0.039453357458114624,0.9992249011993408
f81_l0_t1000_cond,,,,0,,1000,cond,6,s3_tfull,0,32760,128,False,0.048220157623291016,0.06011082977056503,1502.25,648,1856,0.4903189539909363,0.0,0.22719059884548187,0.9769282937049866
f81_l0_t1000_cond,,,,0,,1000,cond,6,s3_tfull,8,32760,128,True,0.048220157623291016,0.06011082977056503,1502.25,648,1856,0.4903189539909363,0.7661006450653076,0.10987648367881775,0.9941362738609314
f81_l0_t1000_cond,,,,0,,1000,cond,6,s3_tfull,16,32760,128,True,0.048220157623291016,0.06011082977056503,1502.25,648,1856,0.4903189539909363,0.9520992040634155,0.04972347989678383,0.9987698793411255
f81_l0_t1000_cond,,,,0,,1000,cond,6,s5_tfull,0,32760,128,False,0.06212078407406807,0.07742274552583694,1946.5,920,2480,0.6074787974357605,0.0,0.15576450526714325,0.9887534379959106
f81_l0_t1000_cond,,,,0,,1000,cond,6,s5_tfull,8,32760,128,True,0.06212078407406807,0.07742274552583694,1946.5,920,2480,0.6074787974357605,0.7841413021087646,0.07236910611391068,0.9974300265312195
f81_l0_t1000_cond,,,,0,,1000,cond,6,s5_tfull,16,32760,128,True,0.06212078407406807,0.07742274552583694,1946.5,920,2480,0.6074787974357605,0.9536582231521606,0.03353166580200195,0.999439537525177
f81_l0_t1000_cond,,,,0,,1000,cond,6,s3_temporal_pm2,0,32760,128,False,0.05906694009900093,0.07178950309753418,1836.0,504,2880,0.6536300778388977,0.0,0.14174409210681915,0.9906856417655945
f81_l0_t1000_cond,,,,0,,1000,cond,6,s3_temporal_pm2,8,32760,128,True,0.05906694009900093,0.07178950309753418,1836.0,504,2880,0.6536300778388977,0.7813171148300171,0.06628454476594925,0.9978405833244324
f81_l0_t1000_cond,,,,0,,1000,cond,6,s3_temporal_pm2,16,32760,128,True,0.05906694009900093,0.07178950309753418,1836.0,504,2880,0.6536300778388977,0.9555794596672058,0.029874244704842567,0.9995551705360413
f81_l0_t1000_cond,,,,0,,1000,cond,6,s3_tfull_anchor12,0,32760,128,False,0.0691748633980751,0.08589551597833633,2189.625,1368,2576,0.49931854009628296,0.0,0.22045032680034637,0.9781890511512756
f81_l0_t1000_cond,,,,0,,1000,cond,6,s3_tfull_anchor12,8,32760,128,True,0.0691748633980751,0.08589551597833633,2189.625,1368,2576,0.49931854009628296,0.7642982006072998,0.10702671110630035,0.9944326877593994
f81_l0_t1000_cond,,,,0,,1000,cond,6,s3_tfull_anchor12,16,32760,128,True,0.0691748633980751,0.08589551597833633,2189.625,1368,2576,0.49931854009628296,0.9520775675773621,0.04825922101736069,0.998841404914856
f81_l0_t1000_cond,,,,0,,1000,cond,7,s3,0,32760,128,False,0.012529350817203522,0.015228076837956905,389.75,168,576,0.06732229888439178,0.0,0.7807801961898804,0.7726853489875793
f81_l0_t1000_cond,,,,0,,1000,cond,7,s3,8,32760,128,True,0.012529350817203522,0.015228076837956905,389.75,168,576,0.06732229888439178,0.6757686138153076,0.44458651542663574,0.9113365411758423
f81_l0_t1000_cond,,,,0,,1000,cond,7,s3,16,32760,128,True,0.012529350817203522,0.015228076837956905,389.75,168,576,0.06732229888439178,0.867020308971405,0.2847221791744232,0.9611260890960693
f81_l0_t1000_cond,,,,0,,1000,cond,7,s5,0,32760,128,False,0.026429980993270874,0.03253999724984169,834.0,440,1200,0.07569408416748047,0.0,0.710366427898407,0.7987119555473328
f81_l0_t1000_cond,,,,0,,1000,cond,7,s5,8,32760,128,True,0.026429980993270874,0.03253999724984169,834.0,440,1200,0.07569408416748047,0.6787465214729309,0.4026302695274353,0.9251207113265991
f81_l0_t1000_cond,,,,0,,1000,cond,7,s5,16,32760,128,True,0.026429980993270874,0.03253999724984169,834.0,440,1200,0.07569408416748047,0.8690392374992371,0.25707095861434937,0.9679508209228516
f81_l0_t1000_cond,,,,0,,1000,cond,7,s3_tfull,0,32760,128,False,0.048220157623291016,0.06011082977056503,1502.25,648,1856,0.34556058049201965,0.0,0.5372602939605713,0.8958678841590881
f81_l0_t1000_cond,,,,0,,1000,cond,7,s3_tfull,8,32760,128,True,0.048220157623291016,0.06011082977056503,1502.25,648,1856,0.34556058049201965,0.6807000041007996,0.30358776450157166,0.9587632417678833
f81_l0_t1000_cond,,,,0,,1000,cond,7,s3_tfull,16,32760,128,True,0.048220157623291016,0.06011082977056503,1502.25,648,1856,0.34556058049201965,0.875396192073822,0.18964894115924835,0.982787549495697
f81_l0_t1000_cond,,,,0,,1000,cond,7,s5_tfull,0,32760,128,False,0.06212078407406807,0.07742274552583694,1946.5,920,2480,0.3539324104785919,0.0,0.5226638913154602,0.8997688293457031
f81_l0_t1000_cond,,,,0,,1000,cond,7,s5_tfull,8,32760,128,True,0.06212078407406807,0.07742274552583694,1946.5,920,2480,0.3539324104785919,0.6810431480407715,0.2951810956001282,0.9607471823692322
f81_l0_t1000_cond,,,,0,,1000,cond,7,s5_tfull,16,32760,128,True,0.06212078407406807,0.07742274552583694,1946.5,920,2480,0.3539324104785919,0.875251829624176,0.1846032589673996,0.9836515188217163
f81_l0_t1000_cond,,,,0,,1000,cond,7,s3_temporal_pm2,0,32760,128,False,0.05906694009900093,0.07178950309753418,1836.0,504,2880,0.6795337796211243,0.0,0.21221421658992767,0.9815044403076172
f81_l0_t1000_cond,,,,0,,1000,cond,7,s3_temporal_pm2,8,32760,128,True,0.05906694009900093,0.07178950309753418,1836.0,504,2880,0.6795337796211243,0.7545464634895325,0.10513786971569061,0.9947999715805054
f81_l0_t1000_cond,,,,0,,1000,cond,7,s3_temporal_pm2,16,32760,128,True,0.05906694009900093,0.07178950309753418,1836.0,504,2880,0.6795337796211243,0.9089969396591187,0.06401804834604263,0.9980062246322632
f81_l0_t1000_cond,,,,0,,1000,cond,7,s3_tfull_anchor12,0,32760,128,False,0.0691748633980751,0.08589551597833633,2189.625,1368,2576,0.35508108139038086,0.0,0.5236055850982666,0.8999167680740356
f81_l0_t1000_cond,,,,0,,1000,cond,7,s3_tfull_anchor12,8,32760,128,True,0.0691748633980751,0.08589551597833633,2189.625,1368,2576,0.35508108139038086,0.6795021891593933,0.296426385641098,0.9605273008346558
f81_l0_t1000_cond,,,,0,,1000,cond,7,s3_tfull_anchor12,16,32760,128,True,0.0691748633980751,0.08589551597833633,2189.625,1368,2576,0.35508108139038086,0.8760895729064941,0.18431393802165985,0.9837046265602112
f81_l0_t1000_cond,,,,0,,1000,cond,8,s3,0,32760,128,False,0.012529350817203522,0.015228076837956905,389.75,168,576,0.013912412337958813,0.0,1.3813605308532715,0.48210006952285767
f81_l0_t1000_cond,,,,0,,1000,cond,8,s3,8,32760,128,True,0.012529350817203522,0.015228076837956905,389.75,168,576,0.013912412337958813,0.9192630052566528,0.39250290393829346,0.9308190941810608
f81_l0_t1000_cond,,,,0,,1000,cond,8,s3,16,32760,128,True,0.012529350817203522,0.015228076837956905,389.75,168,576,0.013912412337958813,0.9638221859931946,0.262740820646286,0.9671486020088196
f81_l0_t1000_cond,,,,0,,1000,cond,8,s5,0,32760,128,False,0.026429980993270874,0.03253999724984169,834.0,440,1200,0.02861812710762024,0.0,0.8709378838539124,0.6925787925720215
f81_l0_t1000_cond,,,,0,,1000,cond,8,s5,8,32760,128,True,0.026429980993270874,0.03253999724984169,834.0,440,1200,0.02861812710762024,0.92267245054245,0.24218884110450745,0.971881091594696
f81_l0_t1000_cond,,,,0,,1000,cond,8,s5,16,32760,128,True,0.026429980993270874,0.03253999724984169,834.0,440,1200,0.02861812710762024,0.967877209186554,0.15609675645828247,0.9879941344261169
f81_l0_t1000_cond,,,,0,,1000,cond,8,s3_tfull,0,32760,128,False,0.048220157623291016,0.06011082977056503,1502.25,648,1856,0.051959116011857986,0.0,1.5063655376434326,0.42795446515083313
f81_l0_t1000_cond,,,,0,,1000,cond,8,s3_tfull,8,32760,128,True,0.048220157623291016,0.06011082977056503,1502.25,648,1856,0.051959116011857986,0.9857736229896545,0.179671049118042,0.9842553734779358
f81_l0_t1000_cond,,,,0,,1000,cond,8,s3_tfull,16,32760,128,True,0.048220157623291016,0.06011082977056503,1502.25,648,1856,0.051959116011857986,0.9947953224182129,0.10867339372634888,0.9941507577896118
f81_l0_t1000_cond,,,,0,,1000,cond,8,s5_tfull,0,32760,128,False,0.06212078407406807,0.07742274552583694,1946.5,920,2480,0.06666482985019684,0.0,1.2284129858016968,0.522918164730072
f81_l0_t1000_cond,,,,0,,1000,cond,8,s5_tfull,8,32760,128,True,0.06212078407406807,0.07742274552583694,1946.5,920,2480,0.06666482985019684,0.9832119345664978,0.1591644287109375,0.9875767230987549
f81_l0_t1000_cond,,,,0,,1000,cond,8,s5_tfull,16,32760,128,True,0.06212078407406807,0.07742274552583694,1946.5,920,2480,0.06666482985019684,0.993405282497406,0.0997578501701355,0.9950615763664246
f81_l0_t1000_cond,,,,0,,1000,cond,8,s3_temporal_pm2,0,32760,128,False,0.05906694009900093,0.07178950309753418,1836.0,504,2880,0.06417939811944962,0.0,1.2143558263778687,0.5299351811408997
f81_l0_t1000_cond,,,,0,,1000,cond,8,s3_temporal_pm2,8,32760,128,True,0.05906694009900093,0.07178950309753418,1836.0,504,2880,0.06417939811944962,0.9825460910797119,0.1604321151971817,0.9873846769332886
f81_l0_t1000_cond,,,,0,,1000,cond,8,s3_temporal_pm2,16,32760,128,True,0.05906694009900093,0.07178950309753418,1836.0,504,2880,0.06417939811944962,0.9933297634124756,0.09917780756950378,0.9951183795928955
f81_l0_t1000_cond,,,,0,,1000,cond,8,s3_tfull_anchor12,0,32760,128,False,0.0691748633980751,0.08589551597833633,2189.625,1368,2576,0.072282575070858,0.0,0.9556823968887329,0.6571557521820068
f81_l0_t1000_cond,,,,0,,1000,cond,8,s3_tfull_anchor12,8,32760,128,True,0.0691748633980751,0.08589551597833633,2189.625,1368,2576,0.072282575070858,0.982543408870697,0.12626758217811584,0.9921311736106873
f81_l0_t1000_cond,,,,0,,1000,cond,8,s3_tfull_anchor12,16,32760,128,True,0.0691748633980751,0.08589551597833633,2189.625,1368,2576,0.072282575070858,0.9935541749000549,0.07672718167304993,0.9970696568489075
f81_l0_t1000_cond,,,,0,,1000,cond,9,s3,0,32760,128,False,0.012529350817203522,0.015228076837956905,389.75,168,576,0.019994286820292473,0.0,1.539698600769043,0.4515470862388611
f81_l0_t1000_cond,,,,0,,1000,cond,9,s3,8,32760,128,True,0.012529350817203522,0.015228076837956905,389.75,168,576,0.019994286820292473,0.9161614179611206,0.4458182752132416,0.9131854176521301
f81_l0_t1000_cond,,,,0,,1000,cond,9,s3,16,32760,128,True,0.012529350817203522,0.015228076837956905,389.75,168,576,0.019994286820292473,0.9645063877105713,0.29007554054260254,0.960442066192627
f81_l0_t1000_cond,,,,0,,1000,cond,9,s5,0,32760,128,False,0.026429980993270874,0.03253999724984169,834.0,440,1200,0.04033626988530159,0.0,1.591846227645874,0.4506833851337433
f81_l0_t1000_cond,,,,0,,1000,cond,9,s5,8,32760,128,True,0.026429980993270874,0.03253999724984169,834.0,440,1200,0.04033626988530159,0.9700973033905029,0.27526819705963135,0.9641349911689758
f81_l0_t1000_cond,,,,0,,1000,cond,9,s5,16,32760,128,True,0.026429980993270874,0.03253999724984169,834.0,440,1200,0.04033626988530159,0.9880539774894714,0.17398527264595032,0.9851949214935303
f81_l0_t1000_cond,,,,0,,1000,cond,9,s3_tfull,0,32760,128,False,0.048220157623291016,0.06011082977056503,1502.25,648,1856,0.062033772468566895,0.0,1.0112931728363037,0.6516232490539551
f81_l0_t1000_cond,,,,0,,1000,cond,9,s3_tfull,8,32760,128,True,0.048220157623291016,0.06011082977056503,1502.25,648,1856,0.062033772468566895,0.9470227956771851,0.23276709020137787,0.9739800095558167
f81_l0_t1000_cond,,,,0,,1000,cond,9,s3_tfull,16,32760,128,True,0.048220157623291016,0.06011082977056503,1502.25,648,1856,0.062033772468566895,0.979715883731842,0.14403048157691956,0.9897837042808533
f81_l0_t1000_cond,,,,0,,1000,cond,9,s5_tfull,0,32760,128,False,0.06212078407406807,0.07742274552583694,1946.5,920,2480,0.08237574994564056,0.0,0.7399294376373291,0.7621983885765076
f81_l0_t1000_cond,,,,0,,1000,cond,9,s5_tfull,8,32760,128,True,0.06212078407406807,0.07742274552583694,1946.5,920,2480,0.08237574994564056,0.9253670573234558,0.20214161276817322,0.9802100658416748
f81_l0_t1000_cond,,,,0,,1000,cond,9,s5_tfull,16,32760,128,True,0.06212078407406807,0.07742274552583694,1946.5,920,2480,0.08237574994564056,0.9704986214637756,0.12709036469459534,0.9920250773429871
f81_l0_t1000_cond,,,,0,,1000,cond,9,s3_temporal_pm2,0,32760,128,False,0.05906694009900093,0.07178950309753418,1836.0,504,2880,0.08780623972415924,0.0,0.8141297101974487,0.7473329901695251
f81_l0_t1000_cond,,,,0,,1000,cond,9,s3_temporal_pm2,8,32760,128,True,0.05906694009900093,0.07178950309753418,1836.0,504,2880,0.08780623972415924,0.9372664093971252,0.20391198992729187,0.9799289703369141
f81_l0_t1000_cond,,,,0,,1000,cond,9,s3_temporal_pm2,16,32760,128,True,0.05906694009900093,0.07178950309753418,1836.0,504,2880,0.08780623972415924,0.9779167175292969,0.12098308652639389,0.9927688837051392
f81_l0_t1000_cond,,,,0,,1000,cond,9,s3_tfull_anchor12,0,32760,128,False,0.0691748633980751,0.08589551597833633,2189.625,1368,2576,0.08138628304004669,0.0,0.8558298349380493,0.7238113284111023
f81_l0_t1000_cond,,,,0,,1000,cond,9,s3_tfull_anchor12,8,32760,128,True,0.0691748633980751,0.08589551597833633,2189.625,1368,2576,0.08138628304004669,0.9565122723579407,0.17847219109535217,0.9844202995300293
f81_l0_t1000_cond,,,,0,,1000,cond,9,s3_tfull_anchor12,16,32760,128,True,0.0691748633980751,0.08589551597833633,2189.625,1368,2576,0.08138628304004669,0.983750581741333,0.10909518599510193,0.9940952062606812
f81_l0_t1000_cond,,,,0,,1000,cond,10,s3,0,32760,128,False,0.012529350817203522,0.015228076837956905,389.75,168,576,0.007795000448822975,0.0,0.8265988826751709,0.6820803284645081
f81_l0_t1000_cond,,,,0,,1000,cond,10,s3,8,32760,128,True,0.012529350817203522,0.015228076837956905,389.75,168,576,0.007795000448822975,0.952990710735321,0.1792200356721878,0.9842838048934937
f81_l0_t1000_cond,,,,0,,1000,cond,10,s3,16,32760,128,True,0.012529350817203522,0.015228076837956905,389.75,168,576,0.007795000448822975,0.9828296303749084,0.10831407457590103,0.9941827058792114
f81_l0_t1000_cond,,,,0,,1000,cond,10,s5,0,32760,128,False,0.026429980993270874,0.03253999724984169,834.0,440,1200,0.015736835077404976,0.0,0.7906159162521362,0.6993935108184814
f81_l0_t1000_cond,,,,0,,1000,cond,10,s5,8,32760,128,True,0.026429980993270874,0.03253999724984169,834.0,440,1200,0.015736835077404976,0.9802514910697937,0.11110491305589676,0.9938795566558838
f81_l0_t1000_cond,,,,0,,1000,cond,10,s5,16,32760,128,True,0.026429980993270874,0.03253999724984169,834.0,440,1200,0.015736835077404976,0.9936336874961853,0.06308282911777496,0.9980155229568481
f81_l0_t1000_cond,,,,0,,1000,cond,10,s3_tfull,0,32760,128,False,0.048220157623291016,0.06011082977056503,1502.25,648,1856,0.05153326690196991,0.0,0.4247790277004242,0.9124807119369507
f81_l0_t1000_cond,,,,0,,1000,cond,10,s3_tfull,8,32760,128,True,0.048220157623291016,0.06011082977056503,1502.25,648,1856,0.05153326690196991,0.8213855028152466,0.17952366173267365,0.9842062592506409
f81_l0_t1000_cond,,,,0,,1000,cond,10,s3_tfull,16,32760,128,True,0.048220157623291016,0.06011082977056503,1502.25,648,1856,0.05153326690196991,0.9501498341560364,0.09484115242958069,0.995539128780365
f81_l0_t1000_cond,,,,0,,1000,cond,10,s5_tfull,0,32760,128,False,0.06212078407406807,0.07742274552583694,1946.5,920,2480,0.05947510525584221,0.0,0.4314369261264801,0.9070624113082886
f81_l0_t1000_cond,,,,0,,1000,cond,10,s5_tfull,8,32760,128,True,0.06212078407406807,0.07742274552583694,1946.5,920,2480,0.05947510525584221,0.8448162078857422,0.1699577122926712,0.98581862449646
f81_l0_t1000_cond,,,,0,,1000,cond,10,s5_tfull,16,32760,128,True,0.06212078407406807,0.07742274552583694,1946.5,920,2480,0.05947510525584221,0.956562876701355,0.0899183452129364,0.9959872961044312
f81_l0_t1000_cond,,,,0,,1000,cond,10,s3_temporal_pm2,0,32760,128,False,0.05906694009900093,0.07178950309753418,1836.0,504,2880,0.04449976980686188,0.0,0.7569587826728821,0.7270673513412476
f81_l0_t1000_cond,,,,0,,1000,cond,10,s3_temporal_pm2,8,32760,128,True,0.05906694009900093,0.07178950309753418,1836.0,504,2880,0.04449976980686188,0.968600332736969,0.1341324895620346,0.9911041259765625
f81_l0_t1000_cond,,,,0,,1000,cond,10,s3_temporal_pm2,16,32760,128,True,0.05906694009900093,0.07178950309753418,1836.0,504,2880,0.04449976980686188,0.9893732070922852,0.07803156971931458,0.9969682693481445
f81_l0_t1000_cond,,,,0,,1000,cond,10,s3_tfull_anchor12,0,32760,128,False,0.0691748633980751,0.08589551597833633,2189.625,1368,2576,0.07624842971563339,0.0,0.3520418703556061,0.9390743970870972
f81_l0_t1000_cond,,,,0,,1000,cond,10,s3_tfull_anchor12,8,32760,128,True,0.0691748633980751,0.08589551597833633,2189.625,1368,2576,0.07624842971563339,0.8791406750679016,0.12238669395446777,0.9925769567489624
f81_l0_t1000_cond,,,,0,,1000,cond,10,s3_tfull_anchor12,16,32760,128,True,0.0691748633980751,0.08589551597833633,2189.625,1368,2576,0.07624842971563339,0.9657739996910095,0.0651286318898201,0.9978876113891602
f81_l0_t1000_cond,,,,0,,1000,cond,11,s3,0,32760,128,False,0.012529350817203522,0.015228076837956905,389.75,168,576,0.627629280090332,0.0,0.5095183849334717,0.9422491788864136
f81_l0_t1000_cond,,,,0,,1000,cond,11,s3,8,32760,128,True,0.012529350817203522,0.015228076837956905,389.75,168,576,0.627629280090332,0.659741997718811,0.2972103953361511,0.9668538570404053
f81_l0_t1000_cond,,,,0,,1000,cond,11,s3,16,32760,128,True,0.012529350817203522,0.015228076837956905,389.75,168,576,0.627629280090332,0.8601051568984985,0.19057275354862213,0.984018087387085
f81_l0_t1000_cond,,,,0,,1000,cond,11,s5,0,32760,128,False,0.026429980993270874,0.03253999724984169,834.0,440,1200,0.6432570219039917,0.0,0.4857211410999298,0.9449917078018188
f81_l0_t1000_cond,,,,0,,1000,cond,11,s5,8,32760,128,True,0.026429980993270874,0.03253999724984169,834.0,440,1200,0.6432570219039917,0.6610268950462341,0.28279367089271545,0.9694145917892456
f81_l0_t1000_cond,,,,0,,1000,cond,11,s5,16,32760,128,True,0.026429980993270874,0.03253999724984169,834.0,440,1200,0.6432570219039917,0.8610895872116089,0.18103164434432983,0.9854519367218018
f81_l0_t1000_cond,,,,0,,1000,cond,11,s3_tfull,0,32760,128,False,0.048220157623291016,0.06011082977056503,1502.25,648,1856,0.8237025737762451,0.0,0.2798580229282379,0.9740011692047119
f81_l0_t1000_cond,,,,0,,1000,cond,11,s3_tfull,8,32760,128,True,0.048220157623291016,0.06011082977056503,1502.25,648,1856,0.8237025737762451,0.7327672243118286,0.14467135071754456,0.9909236431121826
f81_l0_t1000_cond,,,,0,,1000,cond,11,s3_tfull,16,32760,128,True,0.048220157623291016,0.06011082977056503,1502.25,648,1856,0.8237025737762451,0.9115739464759827,0.0832199975848198,0.9967594146728516
f81_l0_t1000_cond,,,,0,,1000,cond,11,s5_tfull,0,32760,128,False,0.06212078407406807,0.07742274552583694,1946.5,920,2480,0.8393301963806152,0.0,0.2658224105834961,0.9755708575248718
f81_l0_t1000_cond,,,,0,,1000,cond,11,s5_tfull,8,32760,128,True,0.06212078407406807,0.07742274552583694,1946.5,920,2480,0.8393301963806152,0.7420834898948669,0.13499918580055237,0.9919663071632385
f81_l0_t1000_cond,,,,0,,1000,cond,11,s5_tfull,16,32760,128,True,0.06212078407406807,0.07742274552583694,1946.5,920,2480,0.8393301963806152,0.9179743528366089,0.07613186538219452,0.9972668290138245
f81_l0_t1000_cond,,,,0,,1000,cond,11,s3_temporal_pm2,0,32760,128,False,0.05906694009900093,0.07178950309753418,1836.0,504,2880,0.9423215389251709,0.0,0.06770502030849457,0.9984432458877563
f81_l0_t1000_cond,,,,0,,1000,cond,11,s3_temporal_pm2,8,32760,128,True,0.05906694009900093,0.07178950309753418,1836.0,504,2880,0.9423215389251709,0.7660589814186096,0.03274717926979065,0.9995577931404114
f81_l0_t1000_cond,,,,0,,1000,cond,11,s3_temporal_pm2,16,32760,128,True,0.05906694009900093,0.07178950309753418,1836.0,504,2880,0.9423215389251709,0.9199379682540894,0.019157271832227707,0.9998334646224976
f81_l0_t1000_cond,,,,0,,1000,cond,11,s3_tfull_anchor12,0,32760,128,False,0.0691748633980751,0.08589551597833633,2189.625,1368,2576,0.8262027502059937,0.0,0.27635064721107483,0.9744303226470947
f81_l0_t1000_cond,,,,0,,1000,cond,11,s3_tfull_anchor12,8,32760,128,True,0.0691748633980751,0.08589551597833633,2189.625,1368,2576,0.8262027502059937,0.7306336164474487,0.14342740178108215,0.9910690784454346
f81_l0_t1000_cond,,,,0,,1000,cond,11,s3_tfull_anchor12,16,32760,128,True,0.0691748633980751,0.08589551597833633,2189.625,1368,2576,0.8262027502059937,0.9121637940406799,0.08190253376960754,0.9968547224998474
