run,checkpoint,offset,method,velocity_relative_l2,velocity_mean_relative_l2,velocity_p95_relative_l2,activation_mean_relative_l2,activation_p95_relative_l2
train0_m1_v1,0,1,raw_reuse,0.4666891617443265,0.21616996824741364,1.3542341351509093,0.6145368218421936,1.2333348393440242
train0_m1_v1,0,1,shift_reuse,0.028494405339649923,0.018698053434491158,0.07356337532401083,0.10663914680480957,0.20590995103120796
train0_m1_v1,0,1,shift_toeplitz_r2,0.019383411812761202,0.014485159888863564,0.0603886816650629,0.08856990933418274,0.19213711395859712
train0_m1_v1,0,1,shift_circular_r2,0.01927259397357324,0.014443919062614441,0.06010858081281184,0.08838300406932831,0.1918952219188213
train0_m1_v1,0,1,shift_rank8_feature,0.016785080732863403,0.012875051237642765,0.05498708710074424,0.07451219856739044,0.1841650649905201
train0_m1_v1,0,1,shift_rank8_prev_flow,0.011203252141105515,0.009178710170090199,0.03868489321321248,0.059787530452013016,0.13850367963314053
train0_m1_v1,0,1,shift_rank8_oracle,0.011158788000441741,0.009141924791038036,0.03831518050283193,0.05964576080441475,0.13790833204984665
train0_m1_v1,0,1,flow_reuse,0.027894812962849274,0.014056185260415077,0.0663200706243515,0.038350675255060196,0.15090271160006516
train0_m1_v1,0,1,flow_toeplitz_r2,0.016987446851698902,0.00926494412124157,0.04260982777923345,0.030738163739442825,0.12190804518759248
train0_m1_v1,0,1,flow_rank8_oracle,0.02165636756896894,0.010521462187170982,0.052470147795975204,0.022602569311857224,0.08572337590157983
train0_m8_v1,0,8,raw_reuse,0.23458103144857123,0.11599384248256683,0.6862195461988447,0.33278170228004456,0.677979901432991
train0_m8_v1,0,8,shift_reuse,0.07416890216347868,0.0442529134452343,0.19245706424117084,0.29692429304122925,0.5355089545249937
train0_m8_v1,0,8,shift_toeplitz_r2,0.04308069968168144,0.031714584678411484,0.14127404242753983,0.20265081524848938,0.47114424705505353
train0_m8_v1,0,8,shift_circular_r2,0.04308069968168144,0.031714584678411484,0.14127404242753983,0.20265081524848938,0.47114424705505353
train0_m8_v1,0,8,shift_rank8_feature,0.0342985695305276,0.02561025880277157,0.113229502364993,0.16814808547496796,0.45422485172748556
train0_m8_v1,0,8,shift_rank8_prev_flow,0.018161917957959312,0.01412846241146326,0.06473125033080569,0.11695173382759094,0.30694185346364966
train0_m8_v1,0,8,shift_rank8_oracle,0.017912530413211412,0.013974792324006557,0.06196785550564524,0.11644558608531952,0.3061394795775412
train0_m8_v1,0,8,flow_reuse,0.029354188326633567,0.014536142349243164,0.0697966270148754,0.03925962373614311,0.15705290287733076
train0_m8_v1,0,8,flow_toeplitz_r2,0.01746344037905699,0.00932216551154852,0.041915756836533466,0.03146009519696236,0.12436278723180291
train0_m8_v1,0,8,flow_rank8_oracle,0.023853774439351036,0.011108634062111378,0.05411124005913727,0.023126672953367233,0.08750750571489328
train1_m1_v1,1,1,raw_reuse,0.4659454833077523,0.2150087058544159,1.3546065270900727,0.6090068817138672,1.239526903629303
train1_m1_v1,1,1,shift_reuse,0.0285760686764298,0.018583081662654877,0.07500600330531591,0.10473383218050003,0.20737293511629096
train1_m1_v1,1,1,shift_toeplitz_r2,0.019439817088288843,0.014320007525384426,0.06071252617984999,0.08764657378196716,0.19454617351293557
train1_m1_v1,1,1,shift_circular_r2,0.019383752767989235,0.014306127093732357,0.06039098650217046,0.08747132867574692,0.19459595903754232
train1_m1_v1,1,1,shift_rank8_feature,0.017520143502680705,0.013110984116792679,0.056664122454821914,0.07427951693534851,0.1837440416216848
train1_m1_v1,1,1,shift_rank8_prev_flow,0.011282761272709779,0.0089922696352005,0.03781425561755886,0.06032728776335716,0.1398243345320224
train1_m1_v1,1,1,shift_rank8_oracle,0.011280155404254647,0.008989127352833748,0.0374500125646591,0.06019340455532074,0.13945654183626174
train1_m1_v1,1,1,flow_reuse,0.028343607219757323,0.013785351067781448,0.06492981426417826,0.03803826868534088,0.1465869113802908
train1_m1_v1,1,1,flow_toeplitz_r2,0.018131141195332583,0.00937816221266985,0.042751583084464036,0.031017355620861053,0.11800784729421139
train1_m1_v1,1,1,flow_rank8_oracle,0.021996976197635444,0.010401478968560696,0.051671422831714026,0.023487817496061325,0.09286010786890972
train1_m8_v1,1,8,raw_reuse,0.23485813342534548,0.11641653627157211,0.6867983311414716,0.33439138531684875,0.6874935001134872
train1_m8_v1,1,8,shift_reuse,0.07694050022853025,0.044962648302316666,0.18706761375069603,0.28872814774513245,0.5336726665496826
train1_m8_v1,1,8,shift_toeplitz_r2,0.04408850953219933,0.03154445067048073,0.13694023489952079,0.2028103768825531,0.4667374864220618
train1_m8_v1,1,8,shift_circular_r2,0.04408850953219933,0.03154445067048073,0.13694023489952079,0.2028103768825531,0.4667374864220618
train1_m8_v1,1,8,shift_rank8_feature,0.0379043582295433,0.02684570476412773,0.1154879167675971,0.17184939980506897,0.4511712744832038
train1_m8_v1,1,8,shift_rank8_prev_flow,0.018353798430319954,0.014067812822759151,0.06328176967799641,0.11827438324689865,0.3031345084309578
train1_m8_v1,1,8,shift_rank8_oracle,0.017820117489342556,0.01374068297445774,0.06081071682274337,0.11769698560237885,0.30191512405872334
train1_m8_v1,1,8,flow_reuse,0.029840723925702965,0.01440190989524126,0.0681713175028562,0.03933028131723404,0.15358168035745615
train1_m8_v1,1,8,flow_toeplitz_r2,0.018792991849833827,0.009668605402112007,0.04323678407818075,0.03200019150972366,0.12117289043962949
train1_m8_v1,1,8,flow_rank8_oracle,0.024097037594598386,0.011040865443646908,0.055700494907796376,0.024097049608826637,0.0946758162230253
train2_m1_v1,2,1,raw_reuse,0.46798596204913884,0.2207678109407425,1.3534803867340086,0.6176192760467529,1.2329648435115812
train2_m1_v1,2,1,shift_reuse,0.027822072436706594,0.018661320209503174,0.07406222186982625,0.1078856885433197,0.20747304558753965
train2_m1_v1,2,1,shift_toeplitz_r2,0.019519904242363318,0.014729289337992668,0.060110269859433164,0.08880631625652313,0.19410358071327205
train2_m1_v1,2,1,shift_circular_r2,0.019424958860381474,0.014708418399095535,0.060354729928076264,0.0885443165898323,0.19361345544457415
train2_m1_v1,2,1,shift_rank8_feature,0.01711106766112997,0.013147511519491673,0.054462711885571384,0.0721898153424263,0.17759459540247913
train2_m1_v1,2,1,shift_rank8_prev_flow,0.01128274390601723,0.009361342526972294,0.04076231494545933,0.0586656779050827,0.13764521181583403
train2_m1_v1,2,1,shift_rank8_oracle,0.011269090766285352,0.00933612696826458,0.0406741352751851,0.058533892035484314,0.1367721214890478
train2_m1_v1,2,1,flow_reuse,0.02790588820946848,0.014397915452718735,0.06888630725443362,0.03751814737915993,0.1461909718811512
train2_m1_v1,2,1,flow_toeplitz_r2,0.01697539967841754,0.00939024519175291,0.04303560927510259,0.029555728659033775,0.10855468958616257
train2_m1_v1,2,1,flow_rank8_oracle,0.021963651734899548,0.011060399003326893,0.05513806100934742,0.022685902193188667,0.08796641975641249
train2_m8_v1,2,8,raw_reuse,0.23485556142595615,0.11715671420097351,0.6925894588232039,0.33044227957725525,0.6764783143997191
train2_m8_v1,2,8,shift_reuse,0.07665886384969146,0.046213481575250626,0.19674487709999072,0.30374255776405334,0.5446622699499128
train2_m8_v1,2,8,shift_toeplitz_r2,0.04455985047748123,0.03318365663290024,0.14263138249516472,0.2031565010547638,0.48119821846485133
train2_m8_v1,2,8,shift_circular_r2,0.04455985047748123,0.03318365663290024,0.14263138249516472,0.2031565010547638,0.48119821846485133
train2_m8_v1,2,8,shift_rank8_feature,0.033674552725183486,0.024861181154847145,0.11267259642481792,0.15840288996696472,0.4201097205281257
train2_m8_v1,2,8,shift_rank8_prev_flow,0.017941935792984264,0.01416026707738638,0.0652533035725355,0.11215868592262268,0.2885333076119423
train2_m8_v1,2,8,shift_rank8_oracle,0.01755239230743644,0.013963913545012474,0.06348237469792363,0.11167966574430466,0.2872277870774268
train2_m8_v1,2,8,flow_reuse,0.029674444261441935,0.015061789192259312,0.07160190977156157,0.03866923972964287,0.1550553508102893
train2_m8_v1,2,8,flow_toeplitz_r2,0.017657548791918144,0.009593185037374496,0.04254614431411022,0.03031766414642334,0.113330203294754
train2_m8_v1,2,8,flow_rank8_oracle,0.024262298451458546,0.011638568714261055,0.0574780587106943,0.0232610572129488,0.09174775406718245
