family,scope,sample,video,size,layer,head,frame,grid_shape,map_id,entropy_mean,entropy_std,row_argmax_unique_fraction,col_mass_gini,top1_col_mass_fraction,top2_col_mass_fraction,top4_col_mass_fraction,sink2_cols,sink4_cols,local_radius1_mass,local_radius2_mass,top1_per_row_mass_mean,top2_per_row_mass_mean,top4_per_row_mass_mean,effective_rank,effective_rank_fraction,sink2_matrix_error,local1_matrix_error,row_top4_matrix_error,union_sink_local_top4_matrix_error,sink2_output_error,local1_output_error,row_top4_output_error,union_sink_local_top4_output_error,sink2_random_v_output_error,local1_random_v_output_error,row_top4_random_v_output_error,union_random_v_output_error,sink2_permuted_v_output_error,local1_permuted_v_output_error,row_top4_permuted_v_output_error,union_permuted_v_output_error,sink2_orthogonalized_v_output_error,local1_orthogonalized_v_output_error,row_top4_orthogonalized_v_output_error,union_orthogonalized_v_output_error
qwen3vl_visual,per_temporal_slice_spatial_attention,0,/home/wangmeiqi/.cache/huggingface/videomme/data/fFYNmVb3NCQ.mp4,128,0,0,0,8x8,qwen:v0:f0:l0:h0,3.606959819793701,0.1849861741065979,0.03125,0.4289717674255371,0.20386362075805664,0.24303466081619263,0.3081643283367157,"2,35","2,35,27,18",0.15136270225048065,0.40704983472824097,0.20393560826778412,0.2524762451648712,0.3232545256614685,5.145377159118652,0.08039651811122894,2.6516497135162354,1.7325199842453003,1.873556137084961,1.2654496431350708,1.6036767959594727,1.9289988279342651,1.4929287433624268,1.039200782775879,2.7176122665405273,1.6906447410583496,1.978722095489502,1.3283421993255615,1.4705755710601807,1.3568148612976074,0.9873571395874023,0.712527871131897,2.6516494750976562,1.7325201034545898,1.8735562562942505,1.26544988155365
qwen3vl_visual,per_temporal_slice_spatial_attention,0,/home/wangmeiqi/.cache/huggingface/videomme/data/fFYNmVb3NCQ.mp4,128,0,1,0,8x8,qwen:v0:f0:l0:h1,3.7386257648468018,0.08841075748205185,0.046875,0.4385812282562256,0.08602549880743027,0.1591094583272934,0.2764836549758911,"0,8","0,8,13,9",0.14480789005756378,0.38795408606529236,0.09157075732946396,0.16671481728553772,0.28376448154449463,5.4689860343933105,0.08545290678739548,3.306898593902588,2.1133298873901367,2.048285484313965,1.4059584140777588,1.6944612264633179,0.963362455368042,1.419801950454712,0.9307342171669006,2.9977781772613525,1.8904222249984741,2.0097708702087402,1.366784930229187,1.973238468170166,0.7513414621353149,0.8462890386581421,0.5713548064231873,3.3069000244140625,2.1133294105529785,2.048285484313965,1.4059584140777588
qwen3vl_visual,per_temporal_slice_spatial_attention,0,/home/wangmeiqi/.cache/huggingface/videomme/data/fFYNmVb3NCQ.mp4,128,0,2,0,8x8,qwen:v0:f0:l0:h2,3.440530300140381,0.6043621301651001,0.328125,0.32335364818573,0.09921968728303909,0.13206176459789276,0.18724220991134644,"2,23","2,23,24,40",0.25726523995399475,0.5193595886230469,0.16828888654708862,0.24762296676635742,0.34226128458976746,22.97691535949707,0.3590143024921417,2.769169569015503,1.5294711589813232,1.48189377784729,0.9390313029289246,1.1516499519348145,0.4081381559371948,0.48722392320632935,0.3036617636680603,2.851194381713867,1.5444368124008179,1.4822640419006348,0.9372594952583313,2.499814033508301,0.924466609954834,1.2051080465316772,0.7158632874488831,2.769169569015503,1.529470682144165,1.48189377784729,0.9390310645103455
qwen3vl_visual,per_temporal_slice_spatial_attention,0,/home/wangmeiqi/.cache/huggingface/videomme/data/fFYNmVb3NCQ.mp4,128,0,3,0,8x8,qwen:v0:f0:l0:h3,3.532235622406006,0.6288520097732544,0.15625,0.41483378410339355,0.10858608782291412,0.18771612644195557,0.2674212157726288,"15,12","15,12,51,59",0.1661617010831833,0.42972856760025024,0.1655016541481018,0.2308688908815384,0.31832098960876465,10.016959190368652,0.1565149873495102,2.5030479431152344,1.5881614685058594,1.455916404724121,0.9345067143440247,1.4389992952346802,0.8883764147758484,1.0109338760375977,0.6614711284637451,2.4280436038970947,1.5341806411743164,1.3768874406814575,0.862872838973999,1.1271854639053345,1.3267191648483276,0.8211753368377686,0.5919527411460876,2.503047227859497,1.5881609916687012,1.455916404724121,0.9345066547393799
qwen3vl_visual,per_temporal_slice_spatial_attention,0,/home/wangmeiqi/.cache/huggingface/videomme/data/fFYNmVb3NCQ.mp4,128,0,0,1,8x8,qwen:v0:f1:l0:h0,3.807074785232544,0.22458381950855255,0.046875,0.32633423805236816,0.1269998550415039,0.15647782385349274,0.2087574154138565,"2,26","2,26,36,5",0.15209151804447174,0.4116811752319336,0.13247482478618622,0.17480601370334625,0.24300727248191833,6.966582775115967,0.10885285586118698,3.6648170948028564,2.0087969303131104,2.4282429218292236,1.4973368644714355,1.0857685804367065,0.8962728977203369,0.8637744784355164,0.5647462606430054,3.894185781478882,2.2051732540130615,2.584660768508911,1.613430142402649,1.1511684656143188,0.8707715272903442,0.8140733242034912,0.5591294169425964,3.664815902709961,2.0087971687316895,2.428241729736328,1.4973368644714355
qwen3vl_visual,per_temporal_slice_spatial_attention,0,/home/wangmeiqi/.cache/huggingface/videomme/data/fFYNmVb3NCQ.mp4,128,0,1,1,8x8,qwen:v0:f1:l0:h1,3.509443521499634,0.15958815813064575,0.015625,0.559624433517456,0.13961578905582428,0.2160882204771042,0.3489904999732971,"0,13","0,13,1,8",0.14539462327957153,0.39265409111976624,0.13961578905582428,0.2245265245437622,0.3528541922569275,5.023878574371338,0.07849810272455215,2.680375337600708,2.0546936988830566,1.6229026317596436,1.175641417503357,1.2067383527755737,0.9205741882324219,1.0994517803192139,0.7681682109832764,2.8724563121795654,2.1993680000305176,1.7902917861938477,1.2845242023468018,2.050849676132202,0.9476803541183472,0.9799121618270874,0.7067711353302002,2.680375576019287,2.0546934604644775,1.622902512550354,1.1756417751312256
qwen3vl_visual,per_temporal_slice_spatial_attention,0,/home/wangmeiqi/.cache/huggingface/videomme/data/fFYNmVb3NCQ.mp4,128,0,2,1,8x8,qwen:v0:f1:l0:h2,3.5751047134399414,0.44420140981674194,0.21875,0.3258857727050781,0.1302548348903656,0.16146022081375122,0.2172866314649582,"2,36","2,36,26,37",0.23824432492256165,0.4971044659614563,0.16057883203029633,0.23254510760307312,0.3171635866165161,21.16634178161621,0.3307240903377533,2.960782766342163,1.649917483329773,1.7356570959091187,1.1138265132904053,1.1169224977493286,0.40506604313850403,0.5446256399154663,0.35005640983581543,2.8895487785339355,1.678184986114502,1.7356090545654297,1.1043933629989624,0.8708359599113464,0.681384801864624,0.5470709800720215,0.36676710844039917,2.9607837200164795,1.6499176025390625,1.7356575727462769,1.1138266324996948
qwen3vl_visual,per_temporal_slice_spatial_attention,0,/home/wangmeiqi/.cache/huggingface/videomme/data/fFYNmVb3NCQ.mp4,128,0,3,1,8x8,qwen:v0:f1:l0:h3,3.440070867538452,0.6326972842216492,0.125,0.4397246837615967,0.11280747503042221,0.18675757944583893,0.32598698139190674,"51,15","51,15,12,59",0.1400429755449295,0.41269490122795105,0.1746232807636261,0.265013724565506,0.36796143651008606,9.869288444519043,0.15420763194561005,2.246758460998535,1.6046663522720337,1.2613635063171387,0.8601512908935547,1.3289929628372192,0.8885794878005981,0.9204137921333313,0.6327308416366577,2.2492637634277344,1.7410794496536255,1.2868027687072754,0.8742106556892395,2.0209667682647705,1.6875804662704468,1.5804290771484375,1.0642694234848022,2.246757745742798,1.6046658754348755,1.26136314868927,0.8601511120796204
qwen3vl_visual,per_temporal_slice_spatial_attention,0,/home/wangmeiqi/.cache/huggingface/videomme/data/fFYNmVb3NCQ.mp4,128,8,0,0,8x8,qwen:v0:f0:l8:h0,3.266143798828125,0.3681914806365967,0.640625,0.27956438064575195,0.07054447382688522,0.11725706607103348,0.17598016560077667,"15,45","15,45,51,61",0.31245172023773193,0.5746146440505981,0.1795969158411026,0.2858971059322357,0.4208966791629791,37.47559356689453,0.585556149482727,2.4887640476226807,1.5746458768844604,1.223173975944519,0.7948921322822571,1.672690749168396,0.9993817210197449,0.779254138469696,0.533628523349762,2.137871742248535,1.5469645261764526,1.1788182258605957,0.7611436247825623,1.7574810981750488,0.9528365731239319,0.7519806027412415,0.4857045114040375,2.488764524459839,1.5746458768844604,1.223173975944519,0.7948921322822571
qwen3vl_visual,per_temporal_slice_spatial_attention,0,/home/wangmeiqi/.cache/huggingface/videomme/data/fFYNmVb3NCQ.mp4,128,8,1,0,8x8,qwen:v0:f0:l8:h1,1.4601207971572876,0.44736480712890625,0.75,0.37886524200439453,0.15350382030010223,0.22138601541519165,0.268596887588501,"15,45","15,45,53,5",0.19575729966163635,0.8104302287101746,0.5687060356140137,0.7189241647720337,0.8669701814651489,47.414302825927734,0.7408484816551208,1.354122281074524,1.3949449062347412,0.1879071444272995,0.11786839365959167,1.0995254516601562,1.1603891849517822,0.16356568038463593,0.10332606732845306,1.3582863807678223,1.4138609170913696,0.19526755809783936,0.12280143797397614,1.2413148880004883,1.2346103191375732,0.15462897717952728,0.09808707982301712,1.354122519493103,1.3949451446533203,0.1879071742296219,0.11786840856075287
qwen3vl_visual,per_temporal_slice_spatial_attention,0,/home/wangmeiqi/.cache/huggingface/videomme/data/fFYNmVb3NCQ.mp4,128,8,2,0,8x8,qwen:v0:f0:l8:h2,3.846069097518921,0.20467983186244965,0.09375,0.29594898223876953,0.09065564721822739,0.163192480802536,0.23213264346122742,"15,45","15,45,29,50",0.15591830015182495,0.38612625002861023,0.09402536600828171,0.17061661183834076,0.24954953789710999,13.62527847290039,0.2128949761390686,3.3340954780578613,2.0820679664611816,2.2575249671936035,1.426050066947937,1.630354881286621,1.032456874847412,1.2437589168548584,0.7928197979927063,3.4657862186431885,2.3016762733459473,2.5028116703033447,1.5891480445861816,1.1504442691802979,0.7930110692977905,0.7371240854263306,0.48368147015571594,3.3340954780578613,2.0820682048797607,2.2575244903564453,1.426049828529358
qwen3vl_visual,per_temporal_slice_spatial_attention,0,/home/wangmeiqi/.cache/huggingface/videomme/data/fFYNmVb3NCQ.mp4,128,8,3,0,8x8,qwen:v0:f0:l8:h3,3.748967170715332,0.3055095076560974,0.140625,0.3711378574371338,0.06798810511827469,0.11906623840332031,0.21449065208435059,"15,43","15,43,8,45",0.19803202152252197,0.44880086183547974,0.09385354071855545,0.16356222331523895,0.2618573009967804,15.718123435974121,0.24559567868709564,3.4652884006500244,1.9471192359924316,2.0177416801452637,1.2272940874099731,1.3324625492095947,1.1891040802001953,1.1556848287582397,0.7068349719047546,3.599482297897339,1.9814661741256714,2.086209535598755,1.2717031240463257,1.312806487083435,0.8101989030838013,0.8558841347694397,0.5088981986045837,3.4652886390686035,1.947119116783142,2.0177416801452637,1.2272939682006836
qwen3vl_visual,per_temporal_slice_spatial_attention,0,/home/wangmeiqi/.cache/huggingface/videomme/data/fFYNmVb3NCQ.mp4,128,8,0,1,8x8,qwen:v0:f1:l8:h0,3.423959255218506,0.24757598340511322,0.5,0.28188514709472656,0.07326167076826096,0.11682911217212677,0.17341755330562592,"15,45","15,45,1,38",0.28598517179489136,0.5453358292579651,0.15161442756652832,0.24240520596504211,0.36346572637557983,33.65937423706055,0.525927722454071,2.7774498462677,1.6871858835220337,1.4894458055496216,0.9327197074890137,1.7095422744750977,0.9515400528907776,0.8490796685218811,0.5547716617584229,2.8664710521698,1.62090003490448,1.45271897315979,0.9101405739784241,1.2884639501571655,0.880376398563385,0.7523490786552429,0.46586719155311584,2.7774503231048584,1.6871860027313232,1.4894459247589111,0.9327196478843689
qwen3vl_visual,per_temporal_slice_spatial_attention,0,/home/wangmeiqi/.cache/huggingface/videomme/data/fFYNmVb3NCQ.mp4,128,8,1,1,8x8,qwen:v0:f1:l8:h1,1.327778935432434,0.4802902638912201,0.765625,0.32774877548217773,0.14628762006759644,0.1859176903963089,0.22950010001659393,"15,45","15,45,25,13",0.21350440382957458,0.8518425226211548,0.5965591669082642,0.7503049373626709,0.8944650292396545,49.57350158691406,0.7745859622955322,1.4049218893051147,1.3608145713806152,0.14257308840751648,0.10037476569414139,1.0998965501785278,1.158565878868103,0.11972362548112869,0.08656495064496994,1.4014389514923096,1.3294367790222168,0.1397619992494583,0.0983656644821167,1.1447100639343262,1.2721761465072632,0.11712335795164108,0.08198507130146027,1.4049220085144043,1.3608146905899048,0.14257308840751648,0.10037476569414139
qwen3vl_visual,per_temporal_slice_spatial_attention,0,/home/wangmeiqi/.cache/huggingface/videomme/data/fFYNmVb3NCQ.mp4,128,8,2,1,8x8,qwen:v0:f1:l8:h2,3.795914888381958,0.1834106594324112,0.09375,0.3378028869628906,0.10298877954483032,0.1633957028388977,0.2475249320268631,"15,45","15,45,31,41",0.16336095333099365,0.40371206402778625,0.11111651360988617,0.18132470548152924,0.27135729789733887,13.057820320129395,0.2040284425020218,3.232200860977173,2.0361735820770264,2.1024889945983887,1.3636115789413452,1.5657968521118164,1.1156044006347656,1.206276297569275,0.7997531890869141,3.2282721996307373,1.991115927696228,2.1161341667175293,1.3715757131576538,1.2225791215896606,0.8574628233909607,0.8371919393539429,0.5450246930122375,3.2322003841400146,2.0361738204956055,2.1024889945983887,1.3636116981506348
qwen3vl_visual,per_temporal_slice_spatial_attention,0,/home/wangmeiqi/.cache/huggingface/videomme/data/fFYNmVb3NCQ.mp4,128,8,3,1,8x8,qwen:v0:f1:l8:h3,3.679703712463379,0.2833990752696991,0.140625,0.3891313076019287,0.07413536310195923,0.1200295016169548,0.20684465765953064,"15,20","15,20,35,45",0.20608577132225037,0.467634379863739,0.10703110694885254,0.1783691942691803,0.27746203541755676,14.673802375793457,0.22927816212177277,3.4287807941436768,1.873416781425476,1.9223525524139404,1.1634594202041626,1.6458007097244263,1.203213095664978,1.3023884296417236,0.7729261517524719,3.0834078788757324,1.7025874853134155,1.667415976524353,1.0304006338119507,1.687180519104004,1.0200918912887573,1.0565606355667114,0.6228539943695068,3.4287800788879395,1.873416781425476,1.9223530292510986,1.1634595394134521
qwen3vl_visual,per_temporal_slice_spatial_attention,0,/home/wangmeiqi/.cache/huggingface/videomme/data/fFYNmVb3NCQ.mp4,128,16,0,0,8x8,qwen:v0:f0:l16:h0,2.2030436992645264,0.8055865168571472,0.375,0.5607064962387085,0.19210970401763916,0.3382783532142639,0.41210314631462097,"15,45","15,45,60,6",0.2807966470718384,0.5425833463668823,0.36772620677948,0.5381072759628296,0.7120615839958191,27.950498580932617,0.43672654032707214,1.2900222539901733,1.3727022409439087,0.4099273085594177,0.3084668815135956,0.9813587665557861,1.0273844003677368,0.26821863651275635,0.19761422276496887,1.344687581062317,1.2822890281677246,0.41482436656951904,0.3130074143409729,0.9884841442108154,1.026497483253479,0.314162939786911,0.23896946012973785,1.2900224924087524,1.3727022409439087,0.4099274277687073,0.3084668815135956
qwen3vl_visual,per_temporal_slice_spatial_attention,0,/home/wangmeiqi/.cache/huggingface/videomme/data/fFYNmVb3NCQ.mp4,128,16,1,0,8x8,qwen:v0:f0:l16:h1,2.077866554260254,0.2967306077480316,0.03125,0.7479239702224731,0.3681267499923706,0.6776329278945923,0.7141756415367126,"15,45","15,45,44,30",0.20102065801620483,0.4533455967903137,0.36824265122413635,0.678803026676178,0.7853610515594482,10.38902473449707,0.16232851147651672,0.5288605093955994,1.3659965991973877,0.29728662967681885,0.22198814153671265,1.048419713973999,2.474226713180542,0.5615324974060059,0.4183110296726227,0.5387662053108215,1.457111120223999,0.3092213571071625,0.23042230308055878,0.3769892454147339,0.9367585182189941,0.2141185700893402,0.15743885934352875,0.5288605093955994,1.3659963607788086,0.29728659987449646,0.22198809683322906
qwen3vl_visual,per_temporal_slice_spatial_attention,0,/home/wangmeiqi/.cache/huggingface/videomme/data/fFYNmVb3NCQ.mp4,128,16,2,0,8x8,qwen:v0:f0:l16:h2,2.942725658416748,0.5461388826370239,0.078125,0.6491633653640747,0.1886199563741684,0.33438900113105774,0.5029847025871277,"15,45","15,45,29,1",0.1384749561548233,0.40796706080436707,0.2442638874053955,0.40596264600753784,0.5373668074607849,8.168901443481445,0.12763908505439758,1.5302305221557617,1.559135913848877,0.8144930601119995,0.571928858757019,0.8993656635284424,0.9166521430015564,0.513472855091095,0.34836310148239136,1.6388036012649536,1.6323444843292236,0.813783586025238,0.5742273330688477,0.9584110975265503,0.8345302939414978,0.475080668926239,0.3370387554168701,1.5302304029464722,1.559136152267456,0.8144932985305786,0.5719290375709534
qwen3vl_visual,per_temporal_slice_spatial_attention,0,/home/wangmeiqi/.cache/huggingface/videomme/data/fFYNmVb3NCQ.mp4,128,16,3,0,8x8,qwen:v0:f0:l16:h3,2.566692590713501,0.33352339267730713,0.046875,0.7161505222320557,0.2853068709373474,0.5126005411148071,0.5875667333602905,"15,45","15,45,42,62",0.21258892118930817,0.45432475209236145,0.2917281985282898,0.5211588740348816,0.657433271408081,11.915679931640625,0.18618249893188477,0.9604902267456055,1.5014673471450806,0.5436462163925171,0.42154037952423096,0.968550980091095,1.5835667848587036,0.4967709481716156,0.3902890980243683,0.9126321077346802,1.416700839996338,0.53858482837677,0.41728436946868896,0.5564208030700684,0.9268355965614319,0.32234323024749756,0.25462424755096436,0.9604902863502502,1.5014675855636597,0.5436462163925171,0.42154040932655334
qwen3vl_visual,per_temporal_slice_spatial_attention,0,/home/wangmeiqi/.cache/huggingface/videomme/data/fFYNmVb3NCQ.mp4,128,16,0,1,8x8,qwen:v0:f1:l16:h0,2.0902953147888184,0.7936283349990845,0.28125,0.6214579343795776,0.267500638961792,0.4334738552570343,0.5055583715438843,"15,45","15,45,31,58",0.20495355129241943,0.4766393303871155,0.4122966527938843,0.6074938178062439,0.7482783198356628,25.704269409179688,0.4016292095184326,1.1205464601516724,1.4552356004714966,0.35618776082992554,0.2642492353916168,0.952114462852478,1.2685693502426147,0.25194787979125977,0.18480756878852844,1.0992274284362793,1.3930208683013916,0.34486016631126404,0.25656455755233765,0.8874891996383667,1.1621100902557373,0.2701287567615509,0.1996639519929886,1.1205464601516724,1.4552356004714966,0.35618776082992554,0.264249324798584
qwen3vl_visual,per_temporal_slice_spatial_attention,0,/home/wangmeiqi/.cache/huggingface/videomme/data/fFYNmVb3NCQ.mp4,128,16,1,1,8x8,qwen:v0:f1:l16:h1,2.1892991065979004,0.3330257534980774,0.015625,0.7268388271331787,0.38798215985298157,0.6392640471458435,0.6735804677009583,"15,45","15,45,38,54",0.19728021323680878,0.45199164748191833,0.3879821002483368,0.6407651305198669,0.757112979888916,11.984535217285156,0.18725836277008057,0.6096441149711609,1.4130405187606812,0.34810975193977356,0.2745208740234375,1.0604970455169678,2.391977548599243,0.5960460305213928,0.4642771780490875,0.5864232182502747,1.3992359638214111,0.3463767468929291,0.270626962184906,0.40657275915145874,1.0111196041107178,0.23312516510486603,0.1854841411113739,0.6096440553665161,1.4130403995513916,0.348109632730484,0.27452072501182556
qwen3vl_visual,per_temporal_slice_spatial_attention,0,/home/wangmeiqi/.cache/huggingface/videomme/data/fFYNmVb3NCQ.mp4,128,16,2,1,8x8,qwen:v0:f1:l16:h2,3.024718999862671,0.5094181895256042,0.109375,0.6451801061630249,0.1578446477651596,0.30638718605041504,0.4624311923980713,"15,31","15,31,45,54",0.168562650680542,0.4404870271682739,0.23012536764144897,0.35202980041503906,0.49629533290863037,8.40786075592041,0.1313728243112564,1.7193987369537354,1.6113606691360474,0.918197751045227,0.6446112394332886,0.9248732328414917,0.8659809231758118,0.5517823696136475,0.378845751285553,1.8298087120056152,1.5113569498062134,0.8862790465354919,0.6320796608924866,0.9522249698638916,0.9463425874710083,0.4690432548522949,0.3363214135169983,1.7193979024887085,1.6113605499267578,0.9181976318359375,0.644611120223999
qwen3vl_visual,per_temporal_slice_spatial_attention,0,/home/wangmeiqi/.cache/huggingface/videomme/data/fFYNmVb3NCQ.mp4,128,16,3,1,8x8,qwen:v0:f1:l16:h3,2.3020849227905273,0.4051503837108612,0.046875,0.7300547361373901,0.3761580288410187,0.589153528213501,0.6612030863761902,"15,45","15,45,11,51",0.1978493630886078,0.44724801182746887,0.39451947808265686,0.6142313480377197,0.7204510569572449,10.35427474975586,0.1617855429649353,0.7535966634750366,1.3805197477340698,0.4076763987541199,0.3220665156841278,0.9692577123641968,1.9271055459976196,0.5077547430992126,0.406395822763443,0.6972764730453491,1.2951682806015015,0.38957497477531433,0.30708426237106323,0.6303508877754211,1.0265060663223267,0.32702523469924927,0.2563535273075104,0.7535964846611023,1.3805192708969116,0.40767619013786316,0.3220664858818054
qwen3vl_visual,per_temporal_slice_spatial_attention,0,/home/wangmeiqi/.cache/huggingface/videomme/data/fFYNmVb3NCQ.mp4,128,26,0,0,8x8,qwen:v0:f0:l26:h0,2.32919979095459,0.749889612197876,0.203125,0.665703535079956,0.21938660740852356,0.3296419382095337,0.4427128732204437,"44,29","44,29,50,49",0.21885071694850922,0.4959453344345093,0.38301461935043335,0.5231351852416992,0.6604472994804382,18.68897247314453,0.2920151948928833,1.3901783227920532,1.3619647026062012,0.4862861633300781,0.3382846713066101,0.7596498727798462,0.7000985741615295,0.28281334042549133,0.1891687959432602,1.4347940683364868,1.4422247409820557,0.4868212640285492,0.3372763395309448,0.9619176387786865,0.8970460295677185,0.32419177889823914,0.2238372266292572,1.3901780843734741,1.3619648218154907,0.48628613352775574,0.3382847011089325
qwen3vl_visual,per_temporal_slice_spatial_attention,0,/home/wangmeiqi/.cache/huggingface/videomme/data/fFYNmVb3NCQ.mp4,128,26,1,0,8x8,qwen:v0:f0:l26:h1,2.0120441913604736,0.6982420086860657,0.3125,0.6224573850631714,0.20808145403862,0.34077534079551697,0.4257105588912964,"15,45","15,45,58,29",0.2819116711616516,0.4992560148239136,0.3930511176586151,0.5932687520980835,0.754976212978363,27.01597785949707,0.4221246540546417,1.273439884185791,1.3495346307754517,0.3607756197452545,0.2532625198364258,1.0573147535324097,0.8381836414337158,0.2113645076751709,0.15695072710514069,1.2183786630630493,1.4009453058242798,0.35954445600509644,0.2472308874130249,1.039990782737732,1.0289607048034668,0.27405133843421936,0.1897512823343277,1.2734401226043701,1.3495349884033203,0.3607756793498993,0.2532625198364258
qwen3vl_visual,per_temporal_slice_spatial_attention,0,/home/wangmeiqi/.cache/huggingface/videomme/data/fFYNmVb3NCQ.mp4,128,26,2,0,8x8,qwen:v0:f0:l26:h2,3.02219820022583,0.33585619926452637,0.109375,0.6421011686325073,0.20593707263469696,0.35098564624786377,0.4777052402496338,"15,45","15,45,29,48",0.16590440273284912,0.4210350513458252,0.21256840229034424,0.36791473627090454,0.5230934023857117,13.323644638061523,0.2081819474697113,1.582334041595459,1.7485214471817017,0.8890876173973083,0.6733474731445312,1.7762062549591064,1.319177269935608,0.8125318288803101,0.6308654546737671,1.545807957649231,1.7263976335525513,0.8819846510887146,0.6698234677314758,0.9082819819450378,1.0035688877105713,0.5096824765205383,0.3796309232711792,1.5823333263397217,1.7485209703445435,0.8890872597694397,0.6733471155166626
qwen3vl_visual,per_temporal_slice_spatial_attention,0,/home/wangmeiqi/.cache/huggingface/videomme/data/fFYNmVb3NCQ.mp4,128,26,3,0,8x8,qwen:v0:f0:l26:h3,3.113771438598633,0.5436670184135437,0.125,0.560935378074646,0.1326761245727539,0.23746240139007568,0.36679309606552124,"29,15","29,15,45,39",0.14432618021965027,0.3924288749694824,0.21126355230808258,0.338067889213562,0.47445493936538696,14.494831085205078,0.22648173570632935,2.0679750442504883,1.7369035482406616,1.0182443857192993,0.7133594155311584,1.2802700996398926,0.7049617171287537,0.551384687423706,0.3721817135810852,1.8781882524490356,1.56232488155365,0.9529553651809692,0.6683617830276489,0.653728187084198,0.614691436290741,0.3630220890045166,0.2521965801715851,2.06797456741333,1.7369037866592407,1.0182440280914307,0.7133594155311584
qwen3vl_visual,per_temporal_slice_spatial_attention,0,/home/wangmeiqi/.cache/huggingface/videomme/data/fFYNmVb3NCQ.mp4,128,26,0,1,8x8,qwen:v0:f1:l26:h0,2.493471622467041,0.6672372221946716,0.21875,0.6173357963562012,0.1466781049966812,0.2400496006011963,0.3685314655303955,"31,19","31,19,15,37",0.23184983432292938,0.536017119884491,0.3161461353302002,0.4473492503166199,0.6120507717132568,20.208904266357422,0.3157641291618347,1.6559810638427734,1.4282381534576416,0.5815480351448059,0.3980215787887573,0.9224504828453064,0.7103012800216675,0.3252888321876526,0.20806095004081726,1.5848674774169922,1.3363240957260132,0.5482362508773804,0.36980825662612915,0.804487407207489,0.7792297005653381,0.34225207567214966,0.2230233997106552,1.6559808254241943,1.4282379150390625,0.5815479159355164,0.39802151918411255
qwen3vl_visual,per_temporal_slice_spatial_attention,0,/home/wangmeiqi/.cache/huggingface/videomme/data/fFYNmVb3NCQ.mp4,128,26,1,1,8x8,qwen:v0:f1:l26:h1,1.8813682794570923,0.8588458895683289,0.3125,0.6685299873352051,0.2688595652580261,0.3714636564254761,0.46814367175102234,"15,45","15,45,31,43",0.28333184123039246,0.5327989459037781,0.47826164960861206,0.6368626356124878,0.7763453722000122,23.202558517456055,0.36253997683525085,1.1880908012390137,1.2438651323318481,0.3216245472431183,0.2370295524597168,1.0306004285812378,0.7995036244392395,0.20980249345302582,0.1574326902627945,1.206419825553894,1.2456070184707642,0.3253856897354126,0.24380989372730255,0.8496538400650024,0.9121203422546387,0.23416772484779358,0.17253001034259796,1.1880908012390137,1.2438651323318481,0.3216244876384735,0.2370295375585556
qwen3vl_visual,per_temporal_slice_spatial_attention,0,/home/wangmeiqi/.cache/huggingface/videomme/data/fFYNmVb3NCQ.mp4,128,26,2,1,8x8,qwen:v0:f1:l26:h2,2.799858808517456,0.3566824197769165,0.0625,0.720778226852417,0.24608244001865387,0.4142787456512451,0.5617499351501465,"15,31","15,31,45,32",0.16336515545845032,0.4245340824127197,0.26473870873451233,0.42866674065589905,0.5907048583030701,9.2294921875,0.1442108154296875,1.305463194847107,1.5835200548171997,0.7024997472763062,0.5457527041435242,0.9312998652458191,1.253133773803711,0.5813089609146118,0.4491800367832184,1.4659322500228882,1.7450752258300781,0.7397710084915161,0.5744112133979797,0.847760796546936,0.8632580637931824,0.4456547796726227,0.34608185291290283,1.305463194847107,1.5835202932357788,0.7024998664855957,0.5457528829574585
qwen3vl_visual,per_temporal_slice_spatial_attention,0,/home/wangmeiqi/.cache/huggingface/videomme/data/fFYNmVb3NCQ.mp4,128,26,3,1,8x8,qwen:v0:f1:l26:h3,3.096627950668335,0.5402278900146484,0.125,0.5451925992965698,0.1461535096168518,0.2732939124107361,0.3880528509616852,"31,15","31,15,25,45",0.16744288802146912,0.4390009641647339,0.2373674064874649,0.36244577169418335,0.4885898530483246,12.64849853515625,0.1976327896118164,1.92452073097229,1.639787197113037,0.9863370060920715,0.6918817758560181,1.377213954925537,0.6916162967681885,0.5844246745109558,0.4020962119102478,1.7660996913909912,1.6633440256118774,0.9364182353019714,0.6557963490486145,0.5092344880104065,0.5474165081977844,0.3038751184940338,0.20819352567195892,1.9245203733444214,1.639786958694458,0.9863370060920715,0.6918816566467285
qwen3vl_visual,per_temporal_slice_spatial_attention,1,/home/wangmeiqi/.cache/huggingface/videomme/data/VP4GtrEsefk.mp4,224,0,0,0,14x14,qwen:v1:f0:l0:h0,4.871635437011719,0.13014982640743256,0.02040816326530612,0.3454008102416992,0.06724373996257782,0.12383334338665009,0.18439918756484985,"28,30","28,30,31,55",0.05128837376832962,0.14263038337230682,0.0682152658700943,0.12479013949632645,0.18694119155406952,9.920561790466309,0.050615109503269196,5.071685791015625,3.1651291847229004,3.566159248352051,2.837689161300659,2.265911102294922,2.168982982635498,2.0515100955963135,1.6377005577087402,4.764247894287109,3.066279888153076,3.4117536544799805,2.7157599925994873,3.0302889347076416,2.0808801651000977,2.1420185565948486,1.7037729024887085,4.979976177215576,3.5236899852752686,4.086811065673828,3.2539141178131104
qwen3vl_visual,per_temporal_slice_spatial_attention,1,/home/wangmeiqi/.cache/huggingface/videomme/data/VP4GtrEsefk.mp4,224,0,1,0,14x14,qwen:v1:f0:l0:h1,4.312378406524658,0.4391579329967499,0.09183673469387756,0.49441778659820557,0.03428802266716957,0.06245529279112816,0.11407849192619324,"143,159","143,159,162,142",0.07363838702440262,0.20311497151851654,0.06978830695152283,0.12147484719753265,0.20689688622951508,21.02680015563965,0.10727959126234055,4.444469928741455,3.070862054824829,2.6725404262542725,1.9350184202194214,0.8181084990501404,0.934184193611145,0.8789209723472595,0.6538071632385254,3.865208148956299,2.9328184127807617,2.6359663009643555,1.8805519342422485,1.3333660364151,0.821418821811676,0.6405818462371826,0.4788873791694641,2.7665789127349854,2.5677855014801025,2.2401952743530273,1.6291497945785522
qwen3vl_visual,per_temporal_slice_spatial_attention,1,/home/wangmeiqi/.cache/huggingface/videomme/data/VP4GtrEsefk.mp4,224,0,2,0,14x14,qwen:v1:f0:l0:h2,4.532491683959961,0.8144262433052063,0.4489795918367347,0.2790541648864746,0.041591934859752655,0.06383001804351807,0.08970090001821518,"31,28","31,28,54,131",0.1597677618265152,0.2777436673641205,0.11130637675523758,0.15907759964466095,0.21314390003681183,62.721351623535156,0.3200069069862366,3.245931386947632,2.106006383895874,1.9980195760726929,1.439660668373108,1.7508411407470703,0.7713341116905212,0.841168224811554,0.6506027579307556,3.4650139808654785,2.1152219772338867,2.0180952548980713,1.4561784267425537,0.9629061222076416,1.0683834552764893,0.9666613340377808,0.6726124882698059,2.6290252208709717,1.6575796604156494,1.4658643007278442,1.1326615810394287
qwen3vl_visual,per_temporal_slice_spatial_attention,1,/home/wangmeiqi/.cache/huggingface/videomme/data/VP4GtrEsefk.mp4,224,0,3,0,14x14,qwen:v1:f0:l0:h3,4.507993698120117,0.7662346363067627,0.07142857142857142,0.4537864923477173,0.08466259390115738,0.12497824430465698,0.18218593299388885,"30,21","30,21,174,53",0.049776289612054825,0.14545738697052002,0.12134438008069992,0.16068533062934875,0.21767202019691467,15.429009437561035,0.07871943712234497,3.2712483406066895,2.1795766353607178,1.9595872163772583,1.5044914484024048,1.8212817907333374,1.3184813261032104,1.3759125471115112,1.0774263143539429,2.9416680335998535,2.1247167587280273,1.90970778465271,1.4579945802688599,1.9697755575180054,1.838964581489563,1.5010608434677124,1.1524542570114136,2.975742816925049,1.8988697528839111,1.9101613759994507,1.4607133865356445
qwen3vl_visual,per_temporal_slice_spatial_attention,1,/home/wangmeiqi/.cache/huggingface/videomme/data/VP4GtrEsefk.mp4,224,0,0,1,14x14,qwen:v1:f1:l0:h0,4.873476505279541,0.24507565796375275,0.030612244897959183,0.30264508724212646,0.05262748524546623,0.10369810461997986,0.13712920248508453,"30,28","30,28,55,91",0.045771315693855286,0.1335829198360443,0.05861242115497589,0.10859136283397675,0.15940654277801514,14.22492790222168,0.07257616519927979,5.314621925354004,3.4691317081451416,3.8088202476501465,2.9546689987182617,1.4767731428146362,1.3130415678024292,1.1597254276275635,0.916815459728241,5.526298999786377,3.7301859855651855,3.961843729019165,3.0900869369506836,1.7667142152786255,1.0786428451538086,1.4012877941131592,1.070818543434143,6.022124767303467,3.60884952545166,4.234282970428467,3.270664691925049
qwen3vl_visual,per_temporal_slice_spatial_attention,1,/home/wangmeiqi/.cache/huggingface/videomme/data/VP4GtrEsefk.mp4,224,0,1,1,14x14,qwen:v1:f1:l0:h1,4.805989742279053,0.2902865707874298,0.061224489795918366,0.329744815826416,0.040960587561130524,0.059732355177402496,0.09402217715978622,"0,25","0,25,1,17",0.05934542417526245,0.15582633018493652,0.05324516445398331,0.08566935360431671,0.13772936165332794,18.117061614990234,0.09243398904800415,5.966248989105225,3.43241548538208,3.8302316665649414,2.7085187435150146,2.5116467475891113,1.1718536615371704,1.5862631797790527,1.1651976108551025,5.627824783325195,3.4285824298858643,3.7192530632019043,2.615638494491577,1.7793967723846436,0.6838647723197937,0.8647587299346924,0.6080102324485779,6.656295299530029,3.1963839530944824,3.7245357036590576,2.6972804069519043
qwen3vl_visual,per_temporal_slice_spatial_attention,1,/home/wangmeiqi/.cache/huggingface/videomme/data/VP4GtrEsefk.mp4,224,0,2,1,14x14,qwen:v1:f1:l0:h2,4.4882941246032715,0.8544259071350098,0.29591836734693877,0.3628166913986206,0.023849939927458763,0.04294139891862869,0.07992395013570786,"28,19","28,19,8,31",0.14861762523651123,0.25750845670700073,0.09467027336359024,0.13594160974025726,0.19475677609443665,47.14451217651367,0.2405332326889038,3.7685720920562744,2.0187690258026123,2.0430266857147217,1.3945614099502563,1.1925936937332153,0.5631614923477173,0.6975018978118896,0.49125194549560547,3.9144539833068848,2.0509791374206543,2.165778875350952,1.4646410942077637,1.4333717823028564,0.5970835089683533,0.492999404668808,0.3542373776435852,2.406794786453247,1.502193808555603,1.4826076030731201,1.0350432395935059
qwen3vl_visual,per_temporal_slice_spatial_attention,1,/home/wangmeiqi/.cache/huggingface/videomme/data/VP4GtrEsefk.mp4,224,0,3,1,14x14,qwen:v1:f1:l0:h3,4.668152332305908,0.6282196044921875,0.10204081632653061,0.368526816368103,0.05115092918276787,0.0885564461350441,0.14462876319885254,"174,21","174,21,187,30",0.0489177443087101,0.14763306081295013,0.09217480570077896,0.13022039830684662,0.1852220743894577,18.330612182617188,0.0935235321521759,4.188982963562012,2.3616974353790283,2.4014151096343994,1.790992021560669,2.9259653091430664,1.193220853805542,1.7440701723098755,1.3764396905899048,4.173093795776367,2.525347948074341,2.511187791824341,1.8384301662445068,1.1219501495361328,1.2261360883712769,0.9415850639343262,0.7778066992759705,4.524087429046631,2.0344488620758057,2.423006057739258,1.803623914718628
qwen3vl_visual,per_temporal_slice_spatial_attention,1,/home/wangmeiqi/.cache/huggingface/videomme/data/VP4GtrEsefk.mp4,224,8,0,0,14x14,qwen:v1:f0:l8:h0,3.8561787605285645,0.5028789043426514,0.6020408163265306,0.34000658988952637,0.0361936055123806,0.05905124172568321,0.09747688472270966,"55,174","55,174,139,153",0.2518671154975891,0.4132677912712097,0.17515164613723755,0.2575992941856384,0.3602645993232727,112.74639892578125,0.5752367377281189,2.895540714263916,1.9750171899795532,1.487149715423584,1.0915874242782593,1.6991020441055298,1.0234698057174683,0.8095911741256714,0.6107531785964966,2.7911016941070557,1.9611072540283203,1.473562240600586,1.0911049842834473,1.7012128829956055,1.2136093378067017,0.9358534812927246,0.6815412044525146,2.700240135192871,1.7054606676101685,1.3386530876159668,1.0025579929351807
qwen3vl_visual,per_temporal_slice_spatial_attention,1,/home/wangmeiqi/.cache/huggingface/videomme/data/VP4GtrEsefk.mp4,224,8,1,0,14x14,qwen:v1:f0:l8:h1,1.6415907144546509,0.5453600287437439,0.7091836734693877,0.4443538188934326,0.09598344564437866,0.1538638472557068,0.20136448740959167,"55,174","55,174,139,69",0.13825273513793945,0.652830183506012,0.5204370021820068,0.6803184747695923,0.8345667123794556,140.67947387695312,0.7177523970603943,1.460850715637207,1.5023247003555298,0.22762612998485565,0.16585735976696014,1.0723764896392822,1.1158519983291626,0.1581551730632782,0.11401937901973724,1.4444149732589722,1.50018310546875,0.22494012117385864,0.16420845687389374,1.429364800453186,1.2813972234725952,0.20101337134838104,0.14437371492385864,1.317008137702942,1.3881042003631592,0.20322924852371216,0.14518842101097107
qwen3vl_visual,per_temporal_slice_spatial_attention,1,/home/wangmeiqi/.cache/huggingface/videomme/data/VP4GtrEsefk.mp4,224,8,2,0,14x14,qwen:v1:f0:l8:h2,4.937728404998779,0.1667504459619522,0.05612244897959184,0.3121984004974365,0.04090410843491554,0.08125084638595581,0.12088961154222488,"174,55","174,55,139,167",0.06000733748078346,0.14368197321891785,0.046232037246227264,0.08366327732801437,0.12975427508354187,32.03675842285156,0.1634528487920761,6.080464839935303,3.6162006855010986,4.231882095336914,2.990781545639038,2.141932725906372,1.5628435611724854,1.800972580909729,1.2802014350891113,5.383882522583008,3.25319242477417,3.760042428970337,2.6660141944885254,1.631378173828125,1.0577726364135742,1.1838104724884033,0.8410544395446777,6.185560703277588,3.680250406265259,4.851473331451416,3.4144787788391113
qwen3vl_visual,per_temporal_slice_spatial_attention,1,/home/wangmeiqi/.cache/huggingface/videomme/data/VP4GtrEsefk.mp4,224,8,3,0,14x14,qwen:v1:f0:l8:h3,4.792527198791504,0.25412824749946594,0.10714285714285714,0.3907780647277832,0.03043726272881031,0.06075393781065941,0.10975155234336853,"1,55","1,55,5,174",0.07750625163316727,0.18428581953048706,0.05756457522511482,0.09924206137657166,0.15599651634693146,34.811649322509766,0.17761045694351196,6.099549293518066,3.3715715408325195,3.4696571826934814,2.414363145828247,2.2273550033569336,1.5970215797424316,1.8035907745361328,1.274606466293335,5.485999584197998,3.5078811645507812,3.4516303539276123,2.370330333709717,2.1739630699157715,1.1909778118133545,1.224547266960144,0.859824001789093,5.128992080688477,3.369283676147461,3.825383424758911,2.6671903133392334
qwen3vl_visual,per_temporal_slice_spatial_attention,1,/home/wangmeiqi/.cache/huggingface/videomme/data/VP4GtrEsefk.mp4,224,8,0,1,14x14,qwen:v1:f1:l8:h0,3.767465353012085,0.4704996645450592,0.6020408163265306,0.3534811735153198,0.046462930738925934,0.08118059486150742,0.12879422307014465,"55,53","55,53,134,187",0.25513386726379395,0.4195654094219208,0.1820467859506607,0.2760656177997589,0.38664692640304565,113.77180480957031,0.5804684162139893,2.6660211086273193,1.9540246725082397,1.3656425476074219,0.978089451789856,1.80205237865448,1.140919804573059,0.8433259725570679,0.6062695980072021,2.6910672187805176,1.9443273544311523,1.3537325859069824,0.9698144793510437,1.8655407428741455,1.2756296396255493,0.8764127492904663,0.630303144454956,2.62878680229187,1.6909888982772827,1.251625895500183,0.9043348431587219
qwen3vl_visual,per_temporal_slice_spatial_attention,1,/home/wangmeiqi/.cache/huggingface/videomme/data/VP4GtrEsefk.mp4,224,8,1,1,14x14,qwen:v1:f1:l8:h1,1.6183269023895264,0.5191484093666077,0.7755102040816326,0.3566324710845947,0.07705757766962051,0.12559545040130615,0.15803126990795135,"53,55","53,55,187,137",0.17430250346660614,0.7224594354629517,0.5305430889129639,0.6927620768547058,0.8411821722984314,151.84185791015625,0.7747033834457397,1.4426665306091309,1.431504487991333,0.21915069222450256,0.1435813158750534,1.0782912969589233,1.0344984531402588,0.154190793633461,0.0990474745631218,1.3998562097549438,1.4286835193634033,0.21442772448062897,0.1405455619096756,1.3601468801498413,1.2280035018920898,0.19210578501224518,0.12495171278715134,1.3858848810195923,1.3130905628204346,0.19789938628673553,0.128567174077034
qwen3vl_visual,per_temporal_slice_spatial_attention,1,/home/wangmeiqi/.cache/huggingface/videomme/data/VP4GtrEsefk.mp4,224,8,2,1,14x14,qwen:v1:f1:l8:h2,4.937503814697266,0.17523056268692017,0.05102040816326531,0.31756603717803955,0.048528507351875305,0.08463455736637115,0.12974649667739868,"55,53","55,53,187,138",0.058565013110637665,0.14743416011333466,0.05004214122891426,0.08890523761510849,0.13925914466381073,30.211673736572266,0.15414118766784668,5.959029674530029,3.5555381774902344,4.105841159820557,2.9784131050109863,1.790496826171875,1.3296138048171997,1.4888359308242798,1.0895380973815918,5.035892486572266,3.3924596309661865,3.9836161136627197,2.888880729675293,1.8314149379730225,1.0028307437896729,1.2477914094924927,0.9071236252784729,6.473552227020264,3.7971160411834717,4.9386677742004395,3.589388370513916
qwen3vl_visual,per_temporal_slice_spatial_attention,1,/home/wangmeiqi/.cache/huggingface/videomme/data/VP4GtrEsefk.mp4,224,8,3,1,14x14,qwen:v1:f1:l8:h3,4.781631946563721,0.2718593180179596,0.15816326530612246,0.3952922821044922,0.031908515840768814,0.06209602206945419,0.10578438639640808,"55,138","55,138,53,180",0.08522091805934906,0.1985085904598236,0.05784374848008156,0.09679535776376724,0.14961272478103638,37.562461853027344,0.19164521992206573,5.9258880615234375,3.332090377807617,3.5365254878997803,2.4252612590789795,2.0856871604919434,1.465790033340454,1.5192551612854004,1.0910860300064087,6.1680169105529785,3.4912898540496826,3.665771245956421,2.5093419551849365,1.4438796043395996,1.0996443033218384,1.083662509918213,0.7382450103759766,5.5903825759887695,3.355555534362793,3.739314079284668,2.5985636711120605
qwen3vl_visual,per_temporal_slice_spatial_attention,1,/home/wangmeiqi/.cache/huggingface/videomme/data/VP4GtrEsefk.mp4,224,16,0,0,14x14,qwen:v1:f0:l16:h0,2.7080729007720947,0.9224449992179871,0.30612244897959184,0.64989173412323,0.15640969574451447,0.2926534414291382,0.43183404207229614,"55,174","55,174,139,28",0.14853690564632416,0.2814364731311798,0.30204737186431885,0.45496708154678345,0.6426030397415161,68.99674224853516,0.3520241975784302,1.4370676279067993,1.649011492729187,0.5222511291503906,0.4138513505458832,0.9699370265007019,1.4001176357269287,0.3740198612213135,0.289584219455719,1.3989472389221191,1.6350419521331787,0.5244512557983398,0.41526490449905396,1.057294249534607,1.246341586112976,0.40587714314460754,0.31919795274734497,1.1104356050491333,1.4710570573806763,0.47202569246292114,0.3767881691455841
qwen3vl_visual,per_temporal_slice_spatial_attention,1,/home/wangmeiqi/.cache/huggingface/videomme/data/VP4GtrEsefk.mp4,224,16,1,0,14x14,qwen:v1:f0:l16:h1,2.9599342346191406,0.5365247130393982,0.20408163265306123,0.6939932107925415,0.1447734385728836,0.2834259271621704,0.42763179540634155,"55,139","55,139,174,95",0.1888921707868576,0.32173046469688416,0.24042242765426636,0.40294796228408813,0.6049683094024658,63.42868423461914,0.3236157298088074,1.6211904287338257,1.7563605308532715,0.6594160199165344,0.5248516201972961,1.131569266319275,1.386303424835205,0.539660632610321,0.4272254705429077,1.7352920770645142,1.8222105503082275,0.6871223449707031,0.5449761748313904,0.8564792275428772,1.0989997386932373,0.4033135771751404,0.32333141565322876,1.222179651260376,1.4812672138214111,0.6054018139839172,0.48451969027519226
qwen3vl_visual,per_temporal_slice_spatial_attention,1,/home/wangmeiqi/.cache/huggingface/videomme/data/VP4GtrEsefk.mp4,224,16,2,0,14x14,qwen:v1:f0:l16:h2,4.056862831115723,0.5738356709480286,0.061224489795918366,0.5954082012176514,0.09885962307453156,0.18464632332324982,0.32351329922676086,"139,55","139,55,174,167",0.06758441030979156,0.16383522748947144,0.13036370277404785,0.22605420649051666,0.3512113094329834,23.475061416625977,0.11977072060108185,2.653779983520508,2.300668478012085,1.5753253698349,1.2427221536636353,0.9450551867485046,0.9869873523712158,0.6885242462158203,0.5200656056404114,2.712132215499878,2.468773603439331,1.6015290021896362,1.2551727294921875,0.8781558871269226,0.9191325306892395,0.6402109861373901,0.502997100353241,2.0131547451019287,1.8895597457885742,1.468488335609436,1.1661510467529297
qwen3vl_visual,per_temporal_slice_spatial_attention,1,/home/wangmeiqi/.cache/huggingface/videomme/data/VP4GtrEsefk.mp4,224,16,3,0,14x14,qwen:v1:f0:l16:h3,2.928910970687866,0.5183943510055542,0.07653061224489796,0.7896726131439209,0.20397381484508514,0.38649991154670715,0.577389121055603,"139,55","139,55,174,78",0.10602880269289017,0.20717966556549072,0.23094139993190765,0.419943630695343,0.6447047591209412,28.4158935546875,0.14497904479503632,1.3474061489105225,1.8128455877304077,0.5700262784957886,0.48601865768432617,0.9482254385948181,1.9760063886642456,0.5783671736717224,0.49296900629997253,1.6286373138427734,1.9625829458236694,0.5928757190704346,0.5076395273208618,0.6992469429969788,1.1002683639526367,0.3450729548931122,0.2968321740627289,0.8463222980499268,1.6987468004226685,0.5409331321716309,0.46262240409851074
qwen3vl_visual,per_temporal_slice_spatial_attention,1,/home/wangmeiqi/.cache/huggingface/videomme/data/VP4GtrEsefk.mp4,224,16,0,1,14x14,qwen:v1:f1:l16:h0,2.718071460723877,0.910174548625946,0.34183673469387754,0.6313928365707397,0.14221946895122528,0.28069478273391724,0.4031636714935303,"53,55","53,55,187,157",0.1490781307220459,0.3183204233646393,0.29667019844055176,0.45747923851013184,0.635011613368988,74.3492431640625,0.37933287024497986,1.4683409929275513,1.6786577701568604,0.5458858013153076,0.4181618094444275,0.9530324339866638,1.2790526151657104,0.3714228570461273,0.27883991599082947,1.4594894647598267,1.73482084274292,0.5512000918388367,0.4161284267902374,1.179811716079712,1.3552433252334595,0.42849671840667725,0.33037248253822327,1.1725901365280151,1.51042902469635,0.47865206003189087,0.36598485708236694
qwen3vl_visual,per_temporal_slice_spatial_attention,1,/home/wangmeiqi/.cache/huggingface/videomme/data/VP4GtrEsefk.mp4,224,16,1,1,14x14,qwen:v1:f1:l16:h1,2.940838575363159,0.5023710131645203,0.20918367346938777,0.6818913221359253,0.15467189252376556,0.3081066310405731,0.45574554800987244,"55,53","55,53,187,118",0.17950494587421417,0.32110294699668884,0.22993361949920654,0.40174075961112976,0.6006885766983032,63.536415100097656,0.32416537404060364,1.5734869241714478,1.797738790512085,0.6719086170196533,0.5304586291313171,1.1391406059265137,1.4722285270690918,0.5987484455108643,0.46840816736221313,1.6953785419464111,1.7506368160247803,0.669001579284668,0.5281937718391418,0.9012433290481567,1.0938231945037842,0.465891033411026,0.3750963807106018,1.1258121728897095,1.5467352867126465,0.6198062896728516,0.4882025420665741
qwen3vl_visual,per_temporal_slice_spatial_attention,1,/home/wangmeiqi/.cache/huggingface/videomme/data/VP4GtrEsefk.mp4,224,16,2,1,14x14,qwen:v1:f1:l16:h2,4.189605236053467,0.4930516183376312,0.10204081632653061,0.5697988271713257,0.08823219686746597,0.16056759655475616,0.2539641261100769,"53,55","53,55,187,109",0.0700114294886589,0.1774827241897583,0.10274627059698105,0.1863204389810562,0.29596608877182007,27.826684951782227,0.1419728845357895,3.07039475440979,2.619633436203003,1.9041836261749268,1.4570622444152832,0.9011361598968506,0.9924723505973816,0.7389174103736877,0.5407974123954773,3.047563314437866,2.5755503177642822,1.91753089427948,1.4658668041229248,1.0079988241195679,0.9692662358283997,0.713455855846405,0.5427843928337097,2.4456377029418945,2.1936581134796143,1.7520066499710083,1.3445156812667847
qwen3vl_visual,per_temporal_slice_spatial_attention,1,/home/wangmeiqi/.cache/huggingface/videomme/data/VP4GtrEsefk.mp4,224,16,3,1,14x14,qwen:v1:f1:l16:h3,2.9862327575683594,0.4417285919189453,0.10204081632653061,0.7267324924468994,0.19120578467845917,0.3612985908985138,0.5192870497703552,"53,55","53,55,187,2",0.12495708465576172,0.2454516738653183,0.22890743613243103,0.41303879022598267,0.6210970282554626,44.402610778808594,0.22654393315315247,1.445549488067627,1.8267104625701904,0.6335613131523132,0.5187113881111145,0.9944407343864441,1.7314064502716064,0.5307233333587646,0.42486849427223206,1.3848416805267334,1.839937686920166,0.6440936923027039,0.5289598107337952,1.0592468976974487,1.3622792959213257,0.4759235382080078,0.39174795150756836,0.9840542674064636,1.750626802444458,0.5936511158943176,0.4836895167827606
qwen3vl_visual,per_temporal_slice_spatial_attention,1,/home/wangmeiqi/.cache/huggingface/videomme/data/VP4GtrEsefk.mp4,224,26,0,0,14x14,qwen:v1:f0:l26:h0,3.0690090656280518,0.6827595829963684,0.2602040816326531,0.6821280717849731,0.0682879239320755,0.11380411684513092,0.18714949488639832,"22,167","22,167,3,96",0.14555200934410095,0.31623750925064087,0.2603248357772827,0.37550604343414307,0.5083527565002441,60.01559829711914,0.3062020242214203,2.2887015342712402,1.8409689664840698,0.8382781147956848,0.6791285872459412,1.1539006233215332,0.8368949890136719,0.3968772292137146,0.3195662796497345,2.2888879776000977,1.8343892097473145,0.8103252053260803,0.6601701974868774,1.245990514755249,1.0558953285217285,0.47454026341438293,0.3773643672466278,2.0050690174102783,1.6018917560577393,0.7387329339981079,0.5993887186050415
qwen3vl_visual,per_temporal_slice_spatial_attention,1,/home/wangmeiqi/.cache/huggingface/videomme/data/VP4GtrEsefk.mp4,224,26,1,0,14x14,qwen:v1:f0:l26:h1,2.497195243835449,0.8149675726890564,0.2193877551020408,0.7484400272369385,0.20368415117263794,0.33420392870903015,0.4596789479255676,"139,55","139,55,174,167",0.17806847393512726,0.28935110569000244,0.33233678340911865,0.5039368271827698,0.6871174573898315,55.242000579833984,0.28184694051742554,1.3687236309051514,1.5737402439117432,0.48951950669288635,0.39519402384757996,1.0402501821517944,1.1728732585906982,0.38529685139656067,0.3098703920841217,1.3932379484176636,1.6219359636306763,0.49487727880477905,0.39932289719581604,0.8910039663314819,1.093397617340088,0.314231276512146,0.2541351616382599,1.1052289009094238,1.3177176713943481,0.4312247633934021,0.34924837946891785
qwen3vl_visual,per_temporal_slice_spatial_attention,1,/home/wangmeiqi/.cache/huggingface/videomme/data/VP4GtrEsefk.mp4,224,26,2,0,14x14,qwen:v1:f0:l26:h2,3.6839709281921387,0.37304872274398804,0.10204081632653061,0.7120901346206665,0.14161722362041473,0.21501536667346954,0.3384307622909546,"55,139","55,139,174,167",0.08988190442323685,0.1891588419675827,0.16697844862937927,0.27475595474243164,0.41541239619255066,37.25966262817383,0.1901003122329712,2.3928544521331787,2.4627387523651123,1.2992243766784668,1.0492860078811646,1.8463401794433594,1.4889142513275146,0.9113044738769531,0.7636052966117859,2.1651909351348877,2.4629085063934326,1.2863986492156982,1.0385158061981201,1.6305224895477295,1.3473111391067505,0.7537041306495667,0.6189743876457214,2.0179455280303955,1.9943052530288696,1.153517723083496,0.9630091786384583
qwen3vl_visual,per_temporal_slice_spatial_attention,1,/home/wangmeiqi/.cache/huggingface/videomme/data/VP4GtrEsefk.mp4,224,26,3,0,14x14,qwen:v1:f0:l26:h3,4.073983669281006,0.5849096179008484,0.10204081632653061,0.5673346519470215,0.07001148909330368,0.12265847623348236,0.20643557608127594,"167,139","167,139,55,34",0.05562324821949005,0.14710071682929993,0.12538352608680725,0.2051384150981903,0.3201374411582947,35.429317474365234,0.18076182901859283,3.247494697570801,2.5594756603240967,1.7665047645568848,1.3727189302444458,1.4768249988555908,0.7382129430770874,0.6572983860969543,0.5133806467056274,3.0384316444396973,2.684526205062866,1.841568112373352,1.4233391284942627,0.8858577013015747,0.6667456030845642,0.46801289916038513,0.3632035553455353,2.848295211791992,2.1020753383636475,1.5596227645874023,1.2093144655227661
qwen3vl_visual,per_temporal_slice_spatial_attention,1,/home/wangmeiqi/.cache/huggingface/videomme/data/VP4GtrEsefk.mp4,224,26,0,1,14x14,qwen:v1:f1:l26:h0,2.899266242980957,0.5968080163002014,0.28061224489795916,0.6692870855331421,0.0670885443687439,0.12202300876379013,0.20214948058128357,"85,144","85,144,109,72",0.14655451476573944,0.3117358088493347,0.26308879256248474,0.40081802010536194,0.5522068738937378,65.47795867919922,0.33407121896743774,2.245051622390747,1.9380192756652832,0.7677889466285706,0.6122341752052307,1.1521741151809692,0.7793027758598328,0.3351461589336395,0.2723974585533142,2.036168098449707,1.8954318761825562,0.7487540245056152,0.6030803322792053,1.4318338632583618,1.228690266609192,0.4913662075996399,0.3853583037853241,2.002849817276001,1.6561779975891113,0.665506899356842,0.5339003205299377
qwen3vl_visual,per_temporal_slice_spatial_attention,1,/home/wangmeiqi/.cache/huggingface/videomme/data/VP4GtrEsefk.mp4,224,26,1,1,14x14,qwen:v1:f1:l26:h1,2.3712313175201416,0.9866423606872559,0.28061224489795916,0.6738901138305664,0.14877018332481384,0.250942587852478,0.34228405356407166,"53,55","53,55,187,60",0.17798464000225067,0.3253719210624695,0.35167452692985535,0.5170061588287354,0.679286003112793,68.34078979492188,0.34867748618125916,1.4502204656600952,1.5859044790267944,0.4740270972251892,0.361420214176178,1.04461669921875,0.9109420776367188,0.3076956570148468,0.22955258190631866,1.4187679290771484,1.5962992906570435,0.4656982123851776,0.3562352657318115,1.2952519655227661,1.3195514678955078,0.3988765478134155,0.30961427092552185,1.2230699062347412,1.2382372617721558,0.3956820070743561,0.3020917475223541
qwen3vl_visual,per_temporal_slice_spatial_attention,1,/home/wangmeiqi/.cache/huggingface/videomme/data/VP4GtrEsefk.mp4,224,26,2,1,14x14,qwen:v1:f1:l26:h2,3.844485282897949,0.36910900473594666,0.1326530612244898,0.682441234588623,0.08910486102104187,0.16178317368030548,0.24815484881401062,"55,53","55,53,70,187",0.08630824089050293,0.20926177501678467,0.13511399924755096,0.22946563363075256,0.3501667082309723,41.4237174987793,0.21134549379348755,2.7467129230499268,2.727055549621582,1.595523476600647,1.2792035341262817,1.649748682975769,1.186320424079895,0.8219267129898071,0.6408563256263733,2.6592278480529785,2.7138144969940186,1.5889995098114014,1.263775110244751,1.3668774366378784,1.4702231884002686,0.8245097398757935,0.6489592790603638,2.4974892139434814,2.1730475425720215,1.391087293624878,1.1307764053344727
qwen3vl_visual,per_temporal_slice_spatial_attention,1,/home/wangmeiqi/.cache/huggingface/videomme/data/VP4GtrEsefk.mp4,224,26,3,1,14x14,qwen:v1:f1:l26:h3,4.0379791259765625,0.5389948487281799,0.12244897959183673,0.5706984996795654,0.05994243547320366,0.11104795336723328,0.1893754005432129,"53,55","53,55,110,30",0.060015205293893814,0.15075692534446716,0.11831722408533096,0.20465229451656342,0.31368589401245117,40.805728912353516,0.20819249749183655,3.129807472229004,2.7775559425354004,1.8129322528839111,1.4432460069656372,1.5408974885940552,0.7579314112663269,0.6420331597328186,0.5037122368812561,3.016324281692505,2.8035457134246826,1.8182826042175293,1.442089319229126,0.7007040977478027,0.6756395101547241,0.45966264605522156,0.3687252104282379,2.8956522941589355,2.218156337738037,1.5674185752868652,1.2399773597717285
qwen3vl_visual,per_temporal_slice_spatial_attention,2,/home/wangmeiqi/.cache/huggingface/videomme/data/HProiNnmGwI.mp4,224,0,0,0,14x14,qwen:v2:f0:l0:h0,4.757427215576172,0.2548176944255829,0.025510204081632654,0.4142664670944214,0.06291104108095169,0.10758660733699799,0.162751242518425,"28,30","28,30,119,55",0.05006440728902817,0.15039744973182678,0.08069420605897903,0.12947902083396912,0.18324165046215057,14.696084022521973,0.07498002052307129,4.771337032318115,3.3068652153015137,3.3627874851226807,2.6411993503570557,1.296627163887024,1.253714919090271,1.0167160034179688,0.7983016967773438,4.847053527832031,3.451645612716675,3.471583604812622,2.740619659423828,2.9862377643585205,1.3420835733413696,2.014991044998169,1.5701054334640503,4.973947048187256,4.0031819343566895,3.504159688949585,2.7566092014312744
qwen3vl_visual,per_temporal_slice_spatial_attention,2,/home/wangmeiqi/.cache/huggingface/videomme/data/HProiNnmGwI.mp4,224,0,1,0,14x14,qwen:v2:f0:l0:h1,4.715208530426025,0.20451797544956207,0.025510204081632654,0.4928441047668457,0.06273815035820007,0.09351479262113571,0.14703305065631866,"0,25","0,25,20,1",0.046522386372089386,0.12911182641983032,0.06342128664255142,0.10301778465509415,0.1583031564950943,13.012089729309082,0.06638821214437485,5.542374610900879,3.741213798522949,3.6706929206848145,2.8471317291259766,2.498372793197632,1.3973114490509033,2.0815019607543945,1.6367024183273315,4.974360942840576,3.788940906524658,3.652639865875244,2.7477023601531982,1.2103331089019775,1.401872158050537,1.3813802003860474,1.0613023042678833,4.783431053161621,3.4040446281433105,3.3562352657318115,2.660184621810913
qwen3vl_visual,per_temporal_slice_spatial_attention,2,/home/wangmeiqi/.cache/huggingface/videomme/data/HProiNnmGwI.mp4,224,0,2,0,14x14,qwen:v2:f0:l0:h2,4.592697620391846,0.4434259235858917,0.15816326530612246,0.3916769027709961,0.06909988075494766,0.09920215606689453,0.14080514013767242,"31,54","31,54,28,29",0.1104079857468605,0.22474822402000427,0.0964929461479187,0.14171136915683746,0.19869881868362427,50.81997299194336,0.259285569190979,4.237912654876709,2.7719147205352783,2.681870937347412,1.951539158821106,1.6262301206588745,0.9168975353240967,1.1367950439453125,0.8322432041168213,4.367604732513428,2.7377684116363525,2.6614768505096436,1.9497147798538208,1.2175726890563965,1.0137187242507935,0.8148245215415955,0.5961100459098816,3.1106371879577637,2.4845356941223145,2.154491424560547,1.5936384201049805
qwen3vl_visual,per_temporal_slice_spatial_attention,2,/home/wangmeiqi/.cache/huggingface/videomme/data/HProiNnmGwI.mp4,224,0,3,0,14x14,qwen:v2:f0:l0:h3,3.7076151371002197,1.0789846181869507,0.09693877551020408,0.6006379127502441,0.25303974747657776,0.2980819642543793,0.3517652750015259,"30,28","30,28,21,31",0.05234735831618309,0.15660694241523743,0.28255701065063477,0.3377220332622528,0.39730149507522583,11.746088027954102,0.0599290207028389,1.6233397722244263,1.5941743850708008,1.0576465129852295,0.8566771745681763,1.5998389720916748,1.587655782699585,1.1560477018356323,0.8562479615211487,1.6610137224197388,1.5984556674957275,1.0597424507141113,0.8619599938392639,2.881669044494629,2.1744837760925293,1.6714619398117065,1.4176427125930786,1.6837652921676636,1.4426263570785522,1.0043466091156006,0.835684061050415
qwen3vl_visual,per_temporal_slice_spatial_attention,2,/home/wangmeiqi/.cache/huggingface/videomme/data/HProiNnmGwI.mp4,224,0,0,1,14x14,qwen:v2:f1:l0:h0,4.680785655975342,0.18588010966777802,0.015306122448979591,0.43191826343536377,0.09082330018281937,0.17075663805007935,0.22540244460105896,"30,28","30,28,55,31",0.045074742287397385,0.12991121411323547,0.09429638087749481,0.17142653465270996,0.23130567371845245,9.30062484741211,0.0474521666765213,3.9654688835144043,2.791842222213745,2.8983187675476074,2.4487500190734863,1.0972261428833008,1.1251771450042725,0.940567135810852,0.7910711765289307,4.397449016571045,2.9820659160614014,3.0283994674682617,2.5683412551879883,0.41215643286705017,0.7950586676597595,0.3406888544559479,0.30601388216018677,4.067744731903076,2.800684690475464,3.1517832279205322,2.6566367149353027
qwen3vl_visual,per_temporal_slice_spatial_attention,2,/home/wangmeiqi/.cache/huggingface/videomme/data/HProiNnmGwI.mp4,224,0,1,1,14x14,qwen:v2:f1:l0:h1,4.818268299102783,0.16458801925182343,0.00510204081632653,0.40464460849761963,0.06311578303575516,0.09299048781394958,0.1472206860780716,"0,25","0,25,1,20",0.043587855994701385,0.12565767765045166,0.06311578303575516,0.09816964715719223,0.1538761556148529,10.137744903564453,0.051723189651966095,5.722396373748779,3.334312915802002,3.806215763092041,2.9444081783294678,1.6975809335708618,0.9765484929084778,1.5826072692871094,1.2303191423416138,5.341946601867676,3.07454252243042,3.700369358062744,2.8618576526641846,0.9910373687744141,0.5909572839736938,0.6228085160255432,0.49612507224082947,4.694651126861572,3.0893218517303467,3.2455270290374756,2.598715305328369
qwen3vl_visual,per_temporal_slice_spatial_attention,2,/home/wangmeiqi/.cache/huggingface/videomme/data/HProiNnmGwI.mp4,224,0,2,1,14x14,qwen:v2:f1:l0:h2,4.522579193115234,0.5467373132705688,0.24489795918367346,0.29688453674316406,0.061518460512161255,0.09992821514606476,0.1325283795595169,"31,28","31,28,54,148",0.14163264632225037,0.2575601041316986,0.11108525842428207,0.17296668887138367,0.23746193945407867,53.927066802978516,0.27513810992240906,3.582564353942871,2.3871066570281982,2.2676196098327637,1.6774377822875977,1.4254186153411865,0.6351880431175232,0.8508222699165344,0.6375232338905334,3.4758691787719727,2.3584277629852295,2.236168622970581,1.654857873916626,1.2059003114700317,0.6429616808891296,0.7399146556854248,0.541016161441803,3.5563597679138184,1.9365553855895996,2.0082619190216064,1.5173146724700928
qwen3vl_visual,per_temporal_slice_spatial_attention,2,/home/wangmeiqi/.cache/huggingface/videomme/data/HProiNnmGwI.mp4,224,0,3,1,14x14,qwen:v2:f1:l0:h3,4.707189083099365,0.6353628039360046,0.12244897959183673,0.3447389602661133,0.033136967569589615,0.06588519364595413,0.10589905083179474,"174,21","174,21,187,190",0.04703829064965248,0.13953077793121338,0.07560346275568008,0.10876931995153427,0.15955805778503418,20.710046768188477,0.10566350072622299,4.408671855926514,2.4729576110839844,2.4981272220611572,1.8218278884887695,3.0184383392333984,1.2098262310028076,1.625245213508606,1.2725859880447388,4.531635761260986,2.6067137718200684,2.730311155319214,2.0026867389678955,1.4364441633224487,1.7530485391616821,1.3331056833267212,0.9711984395980835,4.869408130645752,2.1148056983947754,2.3738269805908203,1.7411115169525146
qwen3vl_visual,per_temporal_slice_spatial_attention,2,/home/wangmeiqi/.cache/huggingface/videomme/data/HProiNnmGwI.mp4,224,8,0,0,14x14,qwen:v2:f0:l8:h0,3.895965576171875,0.47441932559013367,0.6122448979591837,0.34663140773773193,0.028897343203425407,0.051545511931180954,0.09147725999355316,"55,174","55,174,53,193",0.2335934191942215,0.4106474816799164,0.1703709214925766,0.2514066696166992,0.35302644968032837,116.73014068603516,0.5955619215965271,2.92471981048584,2.1079444885253906,1.5182790756225586,1.1257137060165405,1.664690613746643,1.01344633102417,0.8128181099891663,0.6054922938346863,3.142972707748413,2.1343014240264893,1.544601321220398,1.148685097694397,1.5566983222961426,1.1898751258850098,0.851578414440155,0.626358687877655,2.7109527587890625,1.8301888704299927,1.3881795406341553,1.034995675086975
qwen3vl_visual,per_temporal_slice_spatial_attention,2,/home/wangmeiqi/.cache/huggingface/videomme/data/HProiNnmGwI.mp4,224,8,1,0,14x14,qwen:v2:f0:l8:h1,1.4267475605010986,0.44020527601242065,0.8622448979591837,0.31989550590515137,0.07591787725687027,0.12097181379795074,0.16696035861968994,"53,55","53,55,174,193",0.13649851083755493,0.78802889585495,0.60806804895401,0.7406277656555176,0.8693591356277466,163.57606506347656,0.8345717787742615,1.3864881992340088,1.4201457500457764,0.17760957777500153,0.11743193119764328,1.0987040996551514,1.0168513059616089,0.12923254072666168,0.07961741089820862,1.4485987424850464,1.4321664571762085,0.17982271313667297,0.12130101025104523,1.1580687761306763,1.1918874979019165,0.151283398270607,0.10215440392494202,1.3286306858062744,1.30996835231781,0.16273927688598633,0.10383262485265732
qwen3vl_visual,per_temporal_slice_spatial_attention,2,/home/wangmeiqi/.cache/huggingface/videomme/data/HProiNnmGwI.mp4,224,8,2,0,14x14,qwen:v2:f0:l8:h2,4.943720817565918,0.17853109538555145,0.04591836734693878,0.3010331392288208,0.043341346085071564,0.08451756834983826,0.13880608975887299,"174,55","174,55,53,193",0.05899140611290932,0.14159958064556122,0.04836879298090935,0.08748967945575714,0.1430787593126297,31.96984100341797,0.16311143338680267,6.009345531463623,3.640501022338867,4.0937299728393555,2.9581215381622314,1.7048448324203491,1.3605592250823975,1.5892385244369507,1.156204104423523,6.004978179931641,3.914215326309204,3.8151044845581055,2.7842493057250977,1.7399156093597412,0.9632177352905273,1.2550841569900513,0.8944131135940552,5.532370090484619,3.608851671218872,4.977504730224609,3.5685503482818604
qwen3vl_visual,per_temporal_slice_spatial_attention,2,/home/wangmeiqi/.cache/huggingface/videomme/data/HProiNnmGwI.mp4,224,8,3,0,14x14,qwen:v2:f0:l8:h3,4.820440292358398,0.3316164016723633,0.09183673469387756,0.37817370891571045,0.02988167479634285,0.0578145869076252,0.10703868418931961,"132,55","132,55,174,53",0.07765202969312668,0.18567544221878052,0.05193033814430237,0.08993637561798096,0.1450665295124054,34.1949348449707,0.17446395754814148,5.766916751861572,3.289708375930786,3.5508599281311035,2.414297342300415,2.3077597618103027,1.5000392198562622,1.5749354362487793,1.0806723833084106,6.342844009399414,3.330299139022827,3.6944618225097656,2.537241220474243,1.7212284803390503,0.9980853199958801,1.106212854385376,0.736823320388794,5.264786720275879,3.354536533355713,3.7117855548858643,2.5154099464416504
qwen3vl_visual,per_temporal_slice_spatial_attention,2,/home/wangmeiqi/.cache/huggingface/videomme/data/HProiNnmGwI.mp4,224,8,0,1,14x14,qwen:v2:f1:l8:h0,3.910572052001953,0.5082803964614868,0.5051020408163265,0.35958564281463623,0.039433326572179794,0.06979955732822418,0.10285711288452148,"55,53","55,53,10,148",0.226175919175148,0.38970524072647095,0.16247722506523132,0.2451269030570984,0.3471764624118805,106.03419494628906,0.5409907698631287,2.8669581413269043,2.106586456298828,1.5427638292312622,1.0997594594955444,1.7485849857330322,1.1191259622573853,0.8474687337875366,0.6142466068267822,2.9407238960266113,2.109898090362549,1.5852482318878174,1.1298035383224487,1.6646147966384888,1.2271863222122192,0.8835647702217102,0.6259148716926575,2.9702181816101074,1.8587476015090942,1.4163610935211182,1.0240527391433716
qwen3vl_visual,per_temporal_slice_spatial_attention,2,/home/wangmeiqi/.cache/huggingface/videomme/data/HProiNnmGwI.mp4,224,8,1,1,14x14,qwen:v2:f1:l8:h1,1.4908874034881592,0.524137020111084,0.7857142857142857,0.3382148742675781,0.05790764093399048,0.10695753246545792,0.12922637164592743,"53,55","53,55,25,139",0.1847524493932724,0.7598459720611572,0.544342041015625,0.7198982834815979,0.8705090880393982,154.26287841796875,0.787055492401123,1.4402116537094116,1.4240331649780273,0.1811893731355667,0.11527565866708755,1.0837924480438232,1.0686806440353394,0.1333334743976593,0.08519063144922256,1.2968946695327759,1.444887638092041,0.18152637779712677,0.11580075323581696,1.7752200365066528,1.2806874513626099,0.1714363396167755,0.10891829431056976,1.4084241390228271,1.3118382692337036,0.1663888543844223,0.10814813524484634
qwen3vl_visual,per_temporal_slice_spatial_attention,2,/home/wangmeiqi/.cache/huggingface/videomme/data/HProiNnmGwI.mp4,224,8,2,1,14x14,qwen:v2:f1:l8:h2,4.885125160217285,0.18031010031700134,0.061224489795918366,0.3281766176223755,0.0626082643866539,0.11054392158985138,0.1458643674850464,"55,53","55,53,27,139",0.06297481805086136,0.152008518576622,0.06474369764328003,0.1144852340221405,0.1597912758588791,28.667768478393555,0.14626412093639374,5.293240070343018,3.3137409687042236,3.8520867824554443,2.815657377243042,1.7267600297927856,1.369314432144165,1.4100372791290283,1.0487689971923828,4.9598541259765625,3.315592050552368,3.6865665912628174,2.694530725479126,1.740944266319275,1.056810736656189,1.3280185461044312,0.9672998189926147,5.962118148803711,3.4637675285339355,4.403615474700928,3.222921848297119
qwen3vl_visual,per_temporal_slice_spatial_attention,2,/home/wangmeiqi/.cache/huggingface/videomme/data/HProiNnmGwI.mp4,224,8,3,1,14x14,qwen:v2:f1:l8:h3,4.6730637550354,0.3250540792942047,0.11224489795918367,0.42153453826904297,0.050278812646865845,0.08918588608503342,0.13903921842575073,"55,53","55,53,22,36",0.08259520679712296,0.19575990736484528,0.06926637142896652,0.12189067900180817,0.18567600846290588,34.11799621582031,0.17407141625881195,4.675611972808838,3.1935818195343018,3.1122171878814697,2.2434051036834717,1.6759803295135498,1.3154819011688232,1.2715896368026733,0.9346222877502441,4.152998924255371,3.123912811279297,2.8277177810668945,2.0453994274139404,1.2552430629730225,1.008787989616394,0.9117419123649597,0.65451979637146,4.760257720947266,3.0078561305999756,3.1063435077667236,2.261207103729248
qwen3vl_visual,per_temporal_slice_spatial_attention,2,/home/wangmeiqi/.cache/huggingface/videomme/data/HProiNnmGwI.mp4,224,16,0,0,14x14,qwen:v2:f0:l16:h0,3.2606265544891357,0.7984946966171265,0.2755102040816326,0.6086688041687012,0.09631974250078201,0.1925012618303299,0.3687850832939148,"53,55","53,55,174,193",0.14679405093193054,0.2823140323162079,0.19434015452861786,0.30602139234542847,0.4857482612133026,67.26891326904297,0.3432087302207947,1.9319740533828735,1.9708300828933716,0.9002584218978882,0.666481077671051,1.002009630203247,1.2188501358032227,0.6121296882629395,0.4419833719730377,1.7656792402267456,2.068483352661133,0.9091967940330505,0.6684220433235168,0.9925897717475891,1.0964561700820923,0.4801011085510254,0.35436272621154785,1.2904809713363647,1.5915606021881104,0.7760651111602783,0.5756605267524719
qwen3vl_visual,per_temporal_slice_spatial_attention,2,/home/wangmeiqi/.cache/huggingface/videomme/data/HProiNnmGwI.mp4,224,16,1,0,14x14,qwen:v2:f0:l16:h1,3.2385506629943848,0.44814297556877136,0.25,0.6634522676467896,0.10003893822431564,0.1965780258178711,0.3720754086971283,"55,174","55,174,53,193",0.1504243016242981,0.3009158670902252,0.17690321803092957,0.3078114986419678,0.5111570954322815,63.948753356933594,0.32626914978027344,2.0799992084503174,2.1376681327819824,0.9444011449813843,0.7470351457595825,1.156530499458313,1.4403108358383179,0.7109940052032471,0.5509793758392334,1.8803449869155884,2.1483750343322754,0.9439259171485901,0.7446892261505127,1.1868641376495361,1.1834138631820679,0.5131608247756958,0.4079184830188751,1.3402106761932373,1.7362791299819946,0.8341537117958069,0.6499720811843872
qwen3vl_visual,per_temporal_slice_spatial_attention,2,/home/wangmeiqi/.cache/huggingface/videomme/data/HProiNnmGwI.mp4,224,16,2,0,14x14,qwen:v2:f0:l16:h2,4.104912757873535,0.5040088891983032,0.10714285714285714,0.5982877016067505,0.06740402430295944,0.1255360096693039,0.2296389639377594,"28,53","28,53,55,193",0.06763893365859985,0.16597244143486023,0.10291620343923569,0.17215506732463837,0.2929205894470215,26.462799072265625,0.13501428067684174,3.4342572689056396,2.6575660705566406,1.9073671102523804,1.4453964233398438,1.1330238580703735,1.021930456161499,0.7703821063041687,0.5660171508789062,3.546102285385132,2.479255437850952,1.7991347312927246,1.3746886253356934,1.3684452772140503,0.9708481431007385,0.6898552179336548,0.5313034057617188,2.47892165184021,2.127439022064209,1.7227057218551636,1.2813304662704468
qwen3vl_visual,per_temporal_slice_spatial_attention,2,/home/wangmeiqi/.cache/huggingface/videomme/data/HProiNnmGwI.mp4,224,16,3,0,14x14,qwen:v2:f0:l16:h3,2.919194459915161,0.3620442748069763,0.05612244897959184,0.8008192777633667,0.16674074530601501,0.3280104696750641,0.6389160752296448,"174,55","174,55,53,193",0.07817496359348297,0.1848178505897522,0.18271994590759277,0.34571507573127747,0.6493314504623413,21.639949798583984,0.11040790379047394,1.5730149745941162,1.9507288932800293,0.5997341871261597,0.4742946922779083,1.0324108600616455,2.688049077987671,0.8441165089607239,0.6697160601615906,1.647430658340454,2.026890754699707,0.6055757403373718,0.4781099855899811,1.0316241979599,1.1883925199508667,0.33583974838256836,0.2671181261539459,0.6617558598518372,1.687111496925354,0.5491451025009155,0.4451139569282532
qwen3vl_visual,per_temporal_slice_spatial_attention,2,/home/wangmeiqi/.cache/huggingface/videomme/data/HProiNnmGwI.mp4,224,16,0,1,14x14,qwen:v2:f1:l16:h0,2.374297857284546,0.9750071167945862,0.46938775510204084,0.5874179601669312,0.12099123746156693,0.23492009937763214,0.335992693901062,"53,55","53,55,139,158",0.1867722123861313,0.33112093806266785,0.36638715863227844,0.5129255652427673,0.6832920908927917,94.84493255615234,0.4839027225971222,1.4373068809509277,1.5464712381362915,0.44335004687309265,0.3458404541015625,0.9747403860092163,1.191260576248169,0.2781725525856018,0.2116091400384903,1.3785549402236938,1.535800814628601,0.43919581174850464,0.3420974016189575,1.1823320388793945,1.241622805595398,0.37168896198272705,0.2910034954547882,1.2118704319000244,1.3992129564285278,0.38242828845977783,0.2979677617549896
qwen3vl_visual,per_temporal_slice_spatial_attention,2,/home/wangmeiqi/.cache/huggingface/videomme/data/HProiNnmGwI.mp4,224,16,1,1,14x14,qwen:v2:f1:l16:h1,2.873373508453369,0.4038926064968109,0.14285714285714285,0.6807570457458496,0.19245214760303497,0.3714812099933624,0.5060378313064575,"53,55","53,55,139,123",0.1541396528482437,0.26851963996887207,0.22594068944454193,0.41165322065353394,0.6222931146621704,63.0032958984375,0.32144537568092346,1.4223991632461548,1.9332592487335205,0.6454989314079285,0.5250837206840515,1.2112923860549927,1.9169838428497314,0.6916151642799377,0.5528042316436768,1.3242751359939575,1.8601293563842773,0.630460798740387,0.5124251246452332,0.8059692978858948,0.992586076259613,0.33416855335235596,0.2721453905105591,1.045683741569519,1.6249431371688843,0.6096338033676147,0.4914023280143738
qwen3vl_visual,per_temporal_slice_spatial_attention,2,/home/wangmeiqi/.cache/huggingface/videomme/data/HProiNnmGwI.mp4,224,16,2,1,14x14,qwen:v2:f1:l16:h2,3.835913896560669,0.4398941397666931,0.061224489795918366,0.6491941213607788,0.12397034466266632,0.2206849902868271,0.35567590594291687,"53,55","53,55,139,27",0.07424407452344894,0.17884261906147003,0.15811607241630554,0.27091744542121887,0.40537819266319275,20.53098487854004,0.10474992543458939,2.355307102203369,2.110797643661499,1.3541961908340454,1.0855919122695923,0.9294638633728027,1.0410125255584717,0.6532810926437378,0.5055758357048035,2.6829259395599365,2.5418877601623535,1.524897575378418,1.2034868001937866,1.1739259958267212,0.8379491567611694,0.5450654029846191,0.44323939085006714,1.7784041166305542,1.87232506275177,1.2653698921203613,1.0072996616363525
qwen3vl_visual,per_temporal_slice_spatial_attention,2,/home/wangmeiqi/.cache/huggingface/videomme/data/HProiNnmGwI.mp4,224,16,3,1,14x14,qwen:v2:f1:l16:h3,2.8219053745269775,0.371600478887558,0.030612244897959183,0.764549970626831,0.26465272903442383,0.4849770963191986,0.6403908729553223,"53,55","53,55,139,172",0.09053447097539902,0.18839804828166962,0.26774537563323975,0.48798805475234985,0.6761309504508972,29.35915184020996,0.14979159832000732,1.0485374927520752,1.8429027795791626,0.5023923516273499,0.4303690791130066,1.0006638765335083,2.665675401687622,0.7532776594161987,0.6377179026603699,0.9883414506912231,1.747922658920288,0.5170844197273254,0.44311782717704773,0.667312741279602,1.109523892402649,0.324397474527359,0.27750158309936523,0.635307788848877,1.7360109090805054,0.5004640221595764,0.4285753667354584
qwen3vl_visual,per_temporal_slice_spatial_attention,2,/home/wangmeiqi/.cache/huggingface/videomme/data/HProiNnmGwI.mp4,224,26,0,0,14x14,qwen:v2:f0:l26:h0,2.5281898975372314,1.044877290725708,0.14285714285714285,0.7577983140945435,0.18595848977565765,0.3146282136440277,0.43530935049057007,"132,50","132,50,28,179",0.14401711523532867,0.31317248940467834,0.40615782141685486,0.514803946018219,0.6198344826698303,32.67325973510742,0.1667003035545349,1.4492079019546509,1.4876223802566528,0.5222573280334473,0.42122402787208557,1.0215041637420654,0.836969256401062,0.31821408867836,0.2559981346130371,1.3972333669662476,1.6033698320388794,0.5545435547828674,0.44418153166770935,0.9875478148460388,0.9241710305213928,0.3266066312789917,0.2629036009311676,1.4402580261230469,1.280458688735962,0.4747742712497711,0.3835109770298004
qwen3vl_visual,per_temporal_slice_spatial_attention,2,/home/wangmeiqi/.cache/huggingface/videomme/data/HProiNnmGwI.mp4,224,26,1,0,14x14,qwen:v2:f0:l26:h1,2.598388910293579,0.8258994817733765,0.1683673469387755,0.768726110458374,0.13277500867843628,0.24230708181858063,0.45498213171958923,"53,193","53,193,55,174",0.11980651319026947,0.2387528121471405,0.2657248079776764,0.4142528474330902,0.6300292015075684,43.123687744140625,0.22001881897449493,1.5915274620056152,1.7978745698928833,0.6021082997322083,0.4677089750766754,0.9762324690818787,1.1669517755508423,0.423677921295166,0.3239392638206482,1.6176096200942993,1.8851375579833984,0.6143288612365723,0.4766216278076172,0.843520998954773,0.9580435156822205,0.30552104115486145,0.24006585776805878,1.0809681415557861,1.455154299736023,0.5081238150596619,0.3948962688446045
qwen3vl_visual,per_temporal_slice_spatial_attention,2,/home/wangmeiqi/.cache/huggingface/videomme/data/HProiNnmGwI.mp4,224,26,2,0,14x14,qwen:v2:f0:l26:h2,3.8976707458496094,0.3184546232223511,0.11224489795918367,0.6781259775161743,0.09287649393081665,0.1702389270067215,0.28695768117904663,"55,53","55,53,174,193",0.07954089343547821,0.18897061049938202,0.12086991220712662,0.21431541442871094,0.3496212959289551,36.23722457885742,0.18488380312919617,2.8451435565948486,2.6936588287353516,1.6510666608810425,1.3396776914596558,1.7559419870376587,1.51445472240448,1.1095399856567383,0.9162864685058594,2.7223334312438965,2.4880905151367188,1.5909979343414307,1.287375569343567,1.1778998374938965,1.2206798791885376,0.6602776646614075,0.5452675223350525,2.008012533187866,2.044053792953491,1.4065802097320557,1.1613720655441284
qwen3vl_visual,per_temporal_slice_spatial_attention,2,/home/wangmeiqi/.cache/huggingface/videomme/data/HProiNnmGwI.mp4,224,26,3,0,14x14,qwen:v2:f0:l26:h3,4.030768394470215,0.5864025354385376,0.14285714285714285,0.5846874713897705,0.06499577313661575,0.10340681672096252,0.17345121502876282,"28,82","28,82,53,55",0.06236562132835388,0.16263726353645325,0.12022020667791367,0.1925116628408432,0.3006516396999359,34.4680290222168,0.1758572906255722,4.001132965087891,2.733738660812378,1.8489465713500977,1.4655219316482544,1.1759363412857056,0.6731746792793274,0.6046381592750549,0.47661125659942627,4.201354503631592,3.0821356773376465,2.064439296722412,1.6115312576293945,0.8387572169303894,0.5627493858337402,0.383657306432724,0.30460837483406067,3.801147937774658,2.180086135864258,1.6072314977645874,1.266322374343872
qwen3vl_visual,per_temporal_slice_spatial_attention,2,/home/wangmeiqi/.cache/huggingface/videomme/data/HProiNnmGwI.mp4,224,26,0,1,14x14,qwen:v2:f1:l26:h0,2.7385668754577637,0.700391948223114,0.2755102040816326,0.7153167724609375,0.07255051285028458,0.13972724974155426,0.22681879997253418,"124,153","124,153,27,84",0.15074677765369415,0.3297494351863861,0.2933630049228668,0.4286014139652252,0.5799775123596191,61.10881423950195,0.3117796778678894,1.995300054550171,1.821853518486023,0.6723069548606873,0.5344115495681763,1.070544958114624,0.8508445620536804,0.32336243987083435,0.25811174511909485,1.8607027530670166,1.7848608493804932,0.6675171852111816,0.5280970335006714,1.287129282951355,1.2474195957183838,0.45111510157585144,0.35277238488197327,1.765718936920166,1.5552382469177246,0.5866219401359558,0.4644858241081238
qwen3vl_visual,per_temporal_slice_spatial_attention,2,/home/wangmeiqi/.cache/huggingface/videomme/data/HProiNnmGwI.mp4,224,26,1,1,14x14,qwen:v2:f1:l26:h1,2.1392123699188232,1.0092648267745972,0.34183673469387754,0.6379685401916504,0.15196774899959564,0.2421780824661255,0.306481271982193,"53,55","53,55,139,27",0.208250030875206,0.32369038462638855,0.4183900058269501,0.586912989616394,0.7278704047203064,79.61302185058594,0.40618887543678284,1.403257966041565,1.4630208015441895,0.3954009711742401,0.3205863833427429,1.0260491371154785,0.8921458721160889,0.24775563180446625,0.1959386020898819,1.397559642791748,1.4518587589263916,0.3874797821044922,0.31387901306152344,1.0712010860443115,1.1521070003509521,0.3020269274711609,0.2436525523662567,1.1683555841445923,1.1726045608520508,0.3193243741989136,0.25719401240348816
qwen3vl_visual,per_temporal_slice_spatial_attention,2,/home/wangmeiqi/.cache/huggingface/videomme/data/HProiNnmGwI.mp4,224,26,2,1,14x14,qwen:v2:f1:l26:h2,3.775690793991089,0.29762303829193115,0.08673469387755102,0.68523108959198,0.12669992446899414,0.23249606788158417,0.341802179813385,"55,53","55,53,27,139",0.08484286069869995,0.18877822160720825,0.1482650339603424,0.2626655399799347,0.4011639952659607,39.368770599365234,0.20086108148097992,2.3645873069763184,2.4989166259765625,1.3821297883987427,1.1692862510681152,1.760609745979309,1.6077461242675781,0.9377360343933105,0.7932360172271729,2.5210442543029785,2.458789110183716,1.4231959581375122,1.2060328722000122,1.0531519651412964,1.442033290863037,0.7596196532249451,0.6379376649856567,2.084895372390747,2.0011050701141357,1.2591389417648315,1.064976453781128
qwen3vl_visual,per_temporal_slice_spatial_attention,2,/home/wangmeiqi/.cache/huggingface/videomme/data/HProiNnmGwI.mp4,224,26,3,1,14x14,qwen:v2:f1:l26:h3,3.848923444747925,0.6710359454154968,0.10204081632653061,0.620685338973999,0.08269764482975006,0.15279291570186615,0.25926002860069275,"71,53","71,53,55,27",0.05927591770887375,0.1562323123216629,0.1708441972732544,0.2676588296890259,0.3751561939716339,31.032129287719727,0.15832719206809998,3.0483791828155518,2.296273946762085,1.3961900472640991,1.1207937002182007,0.9213494658470154,0.7107923030853271,0.6065195202827454,0.4659312963485718,3.034548759460449,2.4406545162200928,1.4731061458587646,1.1870794296264648,1.0160986185073853,0.7526144981384277,0.45412084460258484,0.3564041256904602,2.308823823928833,1.9529433250427246,1.284986972808838,1.0155532360076904
