method,iteration,rank,block_size,sparse_kind,high_precision_params,relative_fro_error,activation_relative_l2,activation_cosine,spectral_error_proxy,best_activation_relative_l2_so_far,lowrank_norm,bcm_norm,sparse_norm,weight_key,shape,activation_source,lr16_budget_params,budget_ratio_vs_lr16
alternating_svd_r16,0,16,0,none,49152,0.43801233172416687,0.4547072649002075,0.9047057032585144,0.9800809621810913,0.4547072649002075,22.52353858947754,0.0,0.0,blocks.0.self_attn.q.weight,1536x1536,real:q,49152,1.0
alternating_svd_r16,1,16,0,none,49152,0.43472594022750854,0.45154884457588196,0.9065436720848083,0.9761433005332947,0.45154884457588196,22.61132049560547,0.0,0.0,blocks.0.self_attn.q.weight,1536x1536,real:q,49152,1.0
alternating_svd_r16,2,16,0,none,49152,0.43323788046836853,0.4502164125442505,0.9068105220794678,0.9632321000099182,0.4502164125442505,22.700231552124023,0.0,0.0,blocks.0.self_attn.q.weight,1536x1536,real:q,49152,1.0
alternating_svd_r16,3,16,0,none,49152,0.4324284791946411,0.449603408575058,0.9070302844047546,0.9595820307731628,0.449603408575058,22.75528907775879,0.0,0.0,blocks.0.self_attn.q.weight,1536x1536,real:q,49152,1.0
alternating_bcm_b256_svd_r13,0,13,256,none,49152,0.43980318307876587,0.4563116133213043,0.9043617248535156,0.9792117476463318,0.4563116133213043,22.25882911682129,0.0,0.0,blocks.0.self_attn.q.weight,1536x1536,real:q,49152,1.0
alternating_bcm_b256_svd_r13,1,13,256,none,49152,0.4360823929309845,0.45288142561912537,0.9061498045921326,0.9750373363494873,0.45288142561912537,22.32686424255371,1.1903949975967407,0.0,blocks.0.self_attn.q.weight,1536x1536,real:q,49152,1.0
alternating_bcm_b256_svd_r13,2,13,256,none,49152,0.4344644546508789,0.45196565985679626,0.906396746635437,0.9656673073768616,0.45196565985679626,22.39777946472168,1.8032264709472656,0.0,blocks.0.self_attn.q.weight,1536x1536,real:q,49152,1.0
alternating_bcm_b256_svd_r13,3,13,256,none,49152,0.43362095952033997,0.45207199454307556,0.9060766100883484,0.9672124981880188,0.45196565985679626,22.44898223876953,2.138916254043579,0.0,blocks.0.self_attn.q.weight,1536x1536,real:q,49152,1.0
alternating_svd_r8_rowsparse_b16,0,8,0,row,49152,0.4439626634120941,0.464199960231781,0.900812566280365,1.1793227195739746,0.464199960231781,21.63438606262207,0.0,0.0,blocks.0.self_attn.q.weight,1536x1536,real:q,49152,1.0
alternating_svd_r8_rowsparse_b16,1,8,0,row,49152,0.4401475191116333,0.4585510492324829,0.9039210081100464,1.166349172592163,0.4585510492324829,21.676027297973633,0.0,2.082923412322998,blocks.0.self_attn.q.weight,1536x1536,real:q,49152,1.0
alternating_svd_r8_rowsparse_b16,2,8,0,row,49152,0.43916964530944824,0.4577336609363556,0.9042761325836182,1.1648287773132324,0.4577336609363556,21.725542068481445,0.0,2.589102029800415,blocks.0.self_attn.q.weight,1536x1536,real:q,49152,1.0
alternating_svd_r8_rowsparse_b16,3,8,0,row,49152,0.43867743015289307,0.4571244716644287,0.9045586585998535,1.1639997959136963,0.4571244716644287,21.76456642150879,0.0,3.026980400085449,blocks.0.self_attn.q.weight,1536x1536,real:q,49152,1.0
alternating_svd_r8_tilesparse_b32,0,8,0,tile,49152,0.44396284222602844,0.4632832705974579,0.9015219807624817,1.1793992519378662,0.4632832705974579,21.637454986572266,0.0,0.0,blocks.0.self_attn.q.weight,1536x1536,real:q,49152,1.0
alternating_svd_r8_tilesparse_b32,1,8,0,tile,49152,0.4402376115322113,0.45738455653190613,0.9044690728187561,1.1678000688552856,0.45738455653190613,21.682601928710938,0.0,2.1793558597564697,blocks.0.self_attn.q.weight,1536x1536,real:q,49152,1.0
alternating_svd_r8_tilesparse_b32,2,8,0,tile,49152,0.4395868182182312,0.4565429091453552,0.9047877788543701,1.1678880453109741,0.4565429091453552,21.72938346862793,0.0,2.3352322578430176,blocks.0.self_attn.q.weight,1536x1536,real:q,49152,1.0
alternating_svd_r8_tilesparse_b32,3,8,0,tile,49152,0.43922942876815796,0.45718279480934143,0.9044961929321289,1.1656126976013184,0.4565429091453552,21.7635555267334,0.0,2.3796679973602295,blocks.0.self_attn.q.weight,1536x1536,real:q,49152,1.0
alternating_svd_r16,0,16,0,none,49152,0.48442375659942627,0.4853358566761017,0.8970417976379395,1.2027463912963867,0.4853358566761017,12.534346580505371,0.0,0.0,blocks.0.self_attn.o.weight,1536x1536,real:q,49152,1.0
alternating_svd_r16,1,16,0,none,49152,0.48085740208625793,0.4828915297985077,0.8993678689002991,1.1958744525909424,0.4828915297985077,12.63791561126709,0.0,0.0,blocks.0.self_attn.o.weight,1536x1536,real:q,49152,1.0
alternating_svd_r16,2,16,0,none,49152,0.47926583886146545,0.4809298515319824,0.9009949564933777,1.1846139430999756,0.4809298515319824,12.765218734741211,0.0,0.0,blocks.0.self_attn.o.weight,1536x1536,real:q,49152,1.0
alternating_svd_r16,3,16,0,none,49152,0.4784359633922577,0.4791514575481415,0.9022122621536255,1.183595061302185,0.4791514575481415,12.855121612548828,0.0,0.0,blocks.0.self_attn.o.weight,1536x1536,real:q,49152,1.0
alternating_bcm_b256_svd_r13,0,13,256,none,49152,0.4880116283893585,0.48656588792800903,0.8971300721168518,1.2013075351715088,0.48656588792800903,11.645724296569824,0.0,0.0,blocks.0.self_attn.o.weight,1536x1536,real:q,49152,1.0
alternating_bcm_b256_svd_r13,1,13,256,none,49152,0.4838549792766571,0.4832097291946411,0.8990248441696167,1.1920676231384277,0.4832097291946411,11.745586395263672,1.2075600624084473,0.0,blocks.0.self_attn.o.weight,1536x1536,real:q,49152,1.0
alternating_bcm_b256_svd_r13,2,13,256,none,49152,0.4820692539215088,0.48214831948280334,0.8999584913253784,1.1897324323654175,0.48214831948280334,11.862150192260742,1.8273967504501343,0.0,blocks.0.self_attn.o.weight,1536x1536,real:q,49152,1.0
alternating_bcm_b256_svd_r13,3,13,256,none,49152,0.4811653196811676,0.48155006766319275,0.9004346132278442,1.1869475841522217,0.48155006766319275,11.946684837341309,2.1557092666625977,0.0,blocks.0.self_attn.o.weight,1536x1536,real:q,49152,1.0
alternating_svd_r8_rowsparse_b16,0,8,0,row,49152,0.4953497350215912,0.49533572793006897,0.893615186214447,1.2901694774627686,0.49533572793006897,9.674629211425781,0.0,0.0,blocks.0.self_attn.o.weight,1536x1536,real:q,49152,1.0
alternating_svd_r8_rowsparse_b16,1,8,0,row,49152,0.49106529355049133,0.4883906841278076,0.897162675857544,1.2804224491119385,0.4883906841278076,9.742439270019531,0.0,2.0848066806793213,blocks.0.self_attn.o.weight,1536x1536,real:q,49152,1.0
alternating_svd_r8_rowsparse_b16,2,8,0,row,49152,0.4899558424949646,0.4871721565723419,0.8979723453521729,1.2770719528198242,0.4871721565723419,9.836808204650879,0.0,2.581397533416748,blocks.0.self_attn.o.weight,1536x1536,real:q,49152,1.0
alternating_svd_r8_rowsparse_b16,3,8,0,row,49152,0.4893818497657776,0.4873667061328888,0.8973892331123352,1.2702913284301758,0.4871721565723419,9.905638694763184,0.0,3.0091497898101807,blocks.0.self_attn.o.weight,1536x1536,real:q,49152,1.0
alternating_svd_r8_tilesparse_b32,0,8,0,tile,49152,0.4953073263168335,0.49350491166114807,0.8941131830215454,1.3008220195770264,0.49350491166114807,9.674708366394043,0.0,0.0,blocks.0.self_attn.o.weight,1536x1536,real:q,49152,1.0
alternating_svd_r8_tilesparse_b32,1,8,0,tile,49152,0.49119019508361816,0.4901106655597687,0.89637690782547,1.2805432081222534,0.4901106655597687,9.748968124389648,0.0,2.1700899600982666,blocks.0.self_attn.o.weight,1536x1536,real:q,49152,1.0
alternating_svd_r8_tilesparse_b32,2,8,0,tile,49152,0.49044269323349,0.48963627219200134,0.8966871500015259,1.27718186378479,0.48963627219200134,9.845552444458008,0.0,2.3198604583740234,blocks.0.self_attn.o.weight,1536x1536,real:q,49152,1.0
alternating_svd_r8_tilesparse_b32,3,8,0,tile,49152,0.4900166392326355,0.48932740092277527,0.8966445922851562,1.267760992050171,0.48932740092277527,9.916176795959473,0.0,2.3605856895446777,blocks.0.self_attn.o.weight,1536x1536,real:q,49152,1.0
alternating_svd_r16,0,16,0,none,167936,0.45395344495773315,0.4647570550441742,0.9000343084335327,2.347884178161621,0.4647570550441742,34.678836822509766,0.0,0.0,blocks.0.ffn.0.weight,8960x1536,real:q,167936,1.0
alternating_svd_r16,1,16,0,none,167936,0.45184236764907837,0.4620501697063446,0.9017318487167358,2.3371365070343018,0.4620501697063446,34.771183013916016,0.0,0.0,blocks.0.ffn.0.weight,8960x1536,real:q,167936,1.0
alternating_svd_r16,2,16,0,none,167936,0.4509144127368927,0.46153050661087036,0.9019126892089844,2.3286924362182617,0.46153050661087036,34.87615203857422,0.0,0.0,blocks.0.ffn.0.weight,8960x1536,real:q,167936,1.0
alternating_svd_r16,3,16,0,none,167936,0.45044568181037903,0.46084240078926086,0.9023263454437256,2.3195314407348633,0.46084240078926086,34.9478645324707,0.0,0.0,blocks.0.ffn.0.weight,8960x1536,real:q,167936,1.0
alternating_bcm_b256_svd_r10,0,10,256,none,158720,0.4640360474586487,0.47484007477760315,0.8964246511459351,2.509983777999878,0.47484007477760315,31.631834030151367,0.0,0.0,blocks.0.ffn.0.weight,8960x1536,real:q,167936,0.9451219512195121
alternating_bcm_b256_svd_r10,1,10,256,none,158720,0.4615207016468048,0.47203919291496277,0.8981171250343323,2.5014917850494385,0.47203919291496277,31.702247619628906,2.1961557865142822,0.0,blocks.0.ffn.0.weight,8960x1536,real:q,167936,0.9451219512195121
alternating_bcm_b256_svd_r10,2,10,256,none,158720,0.4604714512825012,0.4711400866508484,0.8986012935638428,2.4925317764282227,0.4711400866508484,31.78153419494629,3.37069034576416,0.0,blocks.0.ffn.0.weight,8960x1536,real:q,167936,0.9451219512195121
alternating_bcm_b256_svd_r10,3,10,256,none,158720,0.4599675238132477,0.4708058834075928,0.8986678123474121,2.4885497093200684,0.4708058834075928,31.837419509887695,4.012711048126221,0.0,blocks.0.ffn.0.weight,8960x1536,real:q,167936,0.9451219512195121
alternating_svd_r8_rowsparse_b16,0,8,0,row,157696,0.468192458152771,0.4791506230831146,0.8944716453552246,2.795717239379883,0.4791506230831146,30.266748428344727,0.0,0.0,blocks.0.ffn.0.weight,8960x1536,real:q,167936,0.9390243902439024
alternating_svd_r8_rowsparse_b16,1,8,0,row,157696,0.4654478430747986,0.4764023423194885,0.8962337970733643,2.7583558559417725,0.4764023423194885,30.32282066345215,0.0,3.2551324367523193,blocks.0.ffn.0.weight,8960x1536,real:q,167936,0.9390243902439024
alternating_svd_r8_rowsparse_b16,2,8,0,row,157696,0.4647998809814453,0.4756315350532532,0.8966199159622192,2.7536399364471436,0.4756315350532532,30.384483337402344,0.0,4.009660720825195,blocks.0.ffn.0.weight,8960x1536,real:q,167936,0.9390243902439024
alternating_svd_r8_rowsparse_b16,3,8,0,row,157696,0.4644795358181,0.47494813799858093,0.896934986114502,2.7519819736480713,0.47494813799858093,30.43421745300293,0.0,4.673977375030518,blocks.0.ffn.0.weight,8960x1536,real:q,167936,0.9390243902439024
alternating_svd_r8_tilesparse_b32,0,8,0,tile,167936,0.46819886565208435,0.47941359877586365,0.894298791885376,2.794794797897339,0.47941359877586365,30.263242721557617,0.0,0.0,blocks.0.ffn.0.weight,8960x1536,real:q,167936,1.0
alternating_svd_r8_tilesparse_b32,1,8,0,tile,167936,0.46549510955810547,0.4767055809497833,0.8957885503768921,2.769296169281006,0.4767055809497833,30.310325622558594,0.0,3.381610870361328,blocks.0.ffn.0.weight,8960x1536,real:q,167936,1.0
alternating_svd_r8_tilesparse_b32,2,8,0,tile,167936,0.464942067861557,0.4752512276172638,0.8966444730758667,2.7637200355529785,0.4752512276172638,30.3714599609375,0.0,3.7490358352661133,blocks.0.ffn.0.weight,8960x1536,real:q,167936,1.0
alternating_svd_r8_tilesparse_b32,3,8,0,tile,167936,0.46461302042007446,0.47489503026008606,0.8969075679779053,2.763005018234253,0.47489503026008606,30.422382354736328,0.0,4.122054100036621,blocks.0.ffn.0.weight,8960x1536,real:q,167936,1.0
alternating_svd_r16,0,16,0,none,49152,0.47059231996536255,0.48228684067726135,0.8972878456115723,1.6639971733093262,0.48228684067726135,21.464309692382812,0.0,0.0,blocks.15.self_attn.q.weight,1536x1536,real:q,49152,1.0
alternating_svd_r16,1,16,0,none,49152,0.4671074450016022,0.479656457901001,0.8996282815933228,1.6499240398406982,0.479656457901001,21.573535919189453,0.0,0.0,blocks.15.self_attn.q.weight,1536x1536,real:q,49152,1.0
alternating_svd_r16,2,16,0,none,49152,0.46556639671325684,0.4779599905014038,0.9003604650497437,1.6502350568771362,0.4779599905014038,21.717044830322266,0.0,0.0,blocks.15.self_attn.q.weight,1536x1536,real:q,49152,1.0
alternating_svd_r16,3,16,0,none,49152,0.4647442698478699,0.47628021240234375,0.9015752077102661,1.6436340808868408,0.47628021240234375,21.818796157836914,0.0,0.0,blocks.15.self_attn.q.weight,1536x1536,real:q,49152,1.0
alternating_bcm_b256_svd_r13,0,13,256,none,49152,0.47448834776878357,0.4866761267185211,0.8957164883613586,1.7071526050567627,0.4866761267185211,20.42629051208496,0.0,0.0,blocks.15.self_attn.q.weight,1536x1536,real:q,49152,1.0
alternating_bcm_b256_svd_r13,1,13,256,none,49152,0.4703747034072876,0.4822728931903839,0.8983157277107239,1.6957839727401733,0.4822728931903839,20.5338077545166,1.6601321697235107,0.0,blocks.15.self_attn.q.weight,1536x1536,real:q,49152,1.0
alternating_bcm_b256_svd_r13,2,13,256,none,49152,0.46863675117492676,0.48095908761024475,0.8989498615264893,1.681355357170105,0.48095908761024475,20.66379165649414,2.516052722930908,0.0,blocks.15.self_attn.q.weight,1536x1536,real:q,49152,1.0
alternating_bcm_b256_svd_r13,3,13,256,none,49152,0.46776238083839417,0.47956329584121704,0.8999083042144775,1.677648663520813,0.47956329584121704,20.75037956237793,2.9775311946868896,0.0,blocks.15.self_attn.q.weight,1536x1536,real:q,49152,1.0
alternating_svd_r8_rowsparse_b16,0,8,0,row,49152,0.4819323718547821,0.49180734157562256,0.8940408825874329,1.845378041267395,0.49180734157562256,18.28106117248535,0.0,0.0,blocks.15.self_attn.q.weight,1536x1536,real:q,49152,1.0
alternating_svd_r8_rowsparse_b16,1,8,0,row,49152,0.47715508937835693,0.4864967167377472,0.8970243334770203,1.8416013717651367,0.4864967167377472,18.363672256469727,0.0,3.1953258514404297,blocks.15.self_attn.q.weight,1536x1536,real:q,49152,1.0
alternating_svd_r8_rowsparse_b16,2,8,0,row,49152,0.4760481119155884,0.485605925321579,0.897504448890686,1.8353378772735596,0.485605925321579,18.451801300048828,0.0,3.93708872795105,blocks.15.self_attn.q.weight,1536x1536,real:q,49152,1.0
alternating_svd_r8_rowsparse_b16,3,8,0,row,49152,0.4754818081855774,0.4848335087299347,0.8975141644477844,1.8352880477905273,0.4848335087299347,18.516523361206055,0.0,4.589237213134766,blocks.15.self_attn.q.weight,1536x1536,real:q,49152,1.0
alternating_svd_r8_tilesparse_b32,0,8,0,tile,49152,0.4818374216556549,0.49348828196525574,0.8930788040161133,1.829286813735962,0.49348828196525574,18.294322967529297,0.0,0.0,blocks.15.self_attn.q.weight,1536x1536,real:q,49152,1.0
alternating_svd_r8_tilesparse_b32,1,8,0,tile,49152,0.47732415795326233,0.488103985786438,0.895824670791626,1.8199399709701538,0.488103985786438,18.37333869934082,0.0,3.257368803024292,blocks.15.self_attn.q.weight,1536x1536,real:q,49152,1.0
alternating_svd_r8_tilesparse_b32,2,8,0,tile,49152,0.47650206089019775,0.4875253140926361,0.8964111804962158,1.8131368160247803,0.4875253140926361,18.474411010742188,0.0,3.511504650115967,blocks.15.self_attn.q.weight,1536x1536,real:q,49152,1.0
alternating_svd_r8_tilesparse_b32,3,8,0,tile,49152,0.4759938716888428,0.4862210154533386,0.8971384763717651,1.8060169219970703,0.4862210154533386,18.550067901611328,0.0,3.7380917072296143,blocks.15.self_attn.q.weight,1536x1536,real:q,49152,1.0
alternating_svd_r16,0,16,0,none,49152,0.49508267641067505,0.4974660873413086,0.8913349509239197,1.5338342189788818,0.4974660873413086,13.368243217468262,0.0,0.0,blocks.15.self_attn.o.weight,1536x1536,real:q,49152,1.0
alternating_svd_r16,1,16,0,none,49152,0.49104025959968567,0.49286943674087524,0.894709587097168,1.5180529356002808,0.49286943674087524,13.597074508666992,0.0,0.0,blocks.15.self_attn.o.weight,1536x1536,real:q,49152,1.0
alternating_svd_r16,2,16,0,none,49152,0.48914778232574463,0.4890259802341461,0.8975774645805359,1.5154120922088623,0.4890259802341461,13.882065773010254,0.0,0.0,blocks.15.self_attn.o.weight,1536x1536,real:q,49152,1.0
alternating_svd_r16,3,16,0,none,49152,0.48808589577674866,0.48770132660865784,0.8982260227203369,1.5166347026824951,0.48770132660865784,14.092188835144043,0.0,0.0,blocks.15.self_attn.o.weight,1536x1536,real:q,49152,1.0
alternating_bcm_b256_svd_r13,0,13,256,none,49152,0.49771058559417725,0.4987027645111084,0.8922600150108337,1.5453447103500366,0.4987027645111084,12.19458293914795,0.0,0.0,blocks.15.self_attn.o.weight,1536x1536,real:q,49152,1.0
alternating_bcm_b256_svd_r13,1,13,256,none,49152,0.4931228458881378,0.49461281299591064,0.8953197002410889,1.5297781229019165,0.49461281299591064,12.407022476196289,1.6916923522949219,0.0,blocks.15.self_attn.o.weight,1536x1536,real:q,49152,1.0
alternating_bcm_b256_svd_r13,2,13,256,none,49152,0.49104487895965576,0.4924490749835968,0.8964552283287048,1.5288795232772827,0.4924490749835968,12.682074546813965,2.5675127506256104,0.0,blocks.15.self_attn.o.weight,1536x1536,real:q,49152,1.0
alternating_bcm_b256_svd_r13,3,13,256,none,49152,0.48992064595222473,0.4916066527366638,0.8970898389816284,1.523931622505188,0.4916066527366638,12.877862930297852,3.0416738986968994,0.0,blocks.15.self_attn.o.weight,1536x1536,real:q,49152,1.0
alternating_svd_r8_rowsparse_b16,0,8,0,row,49152,0.5026543736457825,0.5022580623626709,0.8924661874771118,1.606943130493164,0.5022580623626709,9.717698097229004,0.0,0.0,blocks.15.self_attn.o.weight,1536x1536,real:q,49152,1.0
alternating_svd_r8_rowsparse_b16,1,8,0,row,49152,0.4980383515357971,0.49786126613616943,0.8949457406997681,1.588905930519104,0.49786126613616943,9.892099380493164,0.0,2.9458420276641846,blocks.15.self_attn.o.weight,1536x1536,real:q,49152,1.0
alternating_svd_r8_rowsparse_b16,2,8,0,row,49152,0.49675092101097107,0.4950331747531891,0.896303117275238,1.5878665447235107,0.4950331747531891,10.113312721252441,0.0,3.6418986320495605,blocks.15.self_attn.o.weight,1536x1536,real:q,49152,1.0
alternating_svd_r8_rowsparse_b16,3,8,0,row,49152,0.49605292081832886,0.4942268133163452,0.8966172337532043,1.5905077457427979,0.4942268133163452,10.276507377624512,0.0,4.247086048126221,blocks.15.self_attn.o.weight,1536x1536,real:q,49152,1.0
alternating_svd_r8_tilesparse_b32,0,8,0,tile,49152,0.502708911895752,0.5057424306869507,0.8888206481933594,1.5795729160308838,0.5057424306869507,9.707555770874023,0.0,0.0,blocks.15.self_attn.o.weight,1536x1536,real:q,49152,1.0
alternating_svd_r8_tilesparse_b32,1,8,0,tile,49152,0.49818938970565796,0.5015846490859985,0.8912381529808044,1.5694704055786133,0.5015846490859985,9.86846923828125,0.0,3.0972001552581787,blocks.15.self_attn.o.weight,1536x1536,real:q,49152,1.0
alternating_svd_r8_tilesparse_b32,2,8,0,tile,49152,0.4972689151763916,0.49863749742507935,0.8927829265594482,1.5584722757339478,0.49863749742507935,10.085920333862305,0.0,3.3025474548339844,blocks.15.self_attn.o.weight,1536x1536,real:q,49152,1.0
alternating_svd_r8_tilesparse_b32,3,8,0,tile,49152,0.4967060983181,0.4981605112552643,0.8927258253097534,1.5584269762039185,0.4981605112552643,10.254310607910156,0.0,3.3564088344573975,blocks.15.self_attn.o.weight,1536x1536,real:q,49152,1.0
alternating_svd_r16,0,16,0,none,167936,0.4863893389701843,0.49103251099586487,0.8932251334190369,2.6298487186431885,0.49103251099586487,33.61751174926758,0.0,0.0,blocks.15.ffn.0.weight,8960x1536,real:q,167936,1.0
alternating_svd_r16,1,16,0,none,167936,0.48424476385116577,0.48869070410728455,0.8947110772132874,2.616075277328491,0.48869070410728455,33.8139762878418,0.0,0.0,blocks.15.ffn.0.weight,8960x1536,real:q,167936,1.0
alternating_svd_r16,2,16,0,none,167936,0.48328447341918945,0.487350732088089,0.8954824209213257,2.606067419052124,0.487350732088089,34.070377349853516,0.0,0.0,blocks.15.ffn.0.weight,8960x1536,real:q,167936,1.0
alternating_svd_r16,3,16,0,none,167936,0.4827900230884552,0.4868261516094208,0.8956636190414429,2.602461099624634,0.4868261516094208,34.250518798828125,0.0,0.0,blocks.15.ffn.0.weight,8960x1536,real:q,167936,1.0
alternating_bcm_b256_svd_r10,0,10,256,none,158720,0.49163585901260376,0.49555495381355286,0.8928883075714111,2.894045352935791,0.49555495381355286,29.88998031616211,0.0,0.0,blocks.15.ffn.0.weight,8960x1536,real:q,167936,0.9451219512195121
alternating_bcm_b256_svd_r10,1,10,256,none,158720,0.48903921246528625,0.49297547340393066,0.8943607807159424,2.868936777114868,0.49297547340393066,30.039810180664062,3.376340866088867,0.0,blocks.15.ffn.0.weight,8960x1536,real:q,167936,0.9451219512195121
alternating_bcm_b256_svd_r10,2,10,256,none,158720,0.4879375696182251,0.4917992055416107,0.895017147064209,2.873568296432495,0.4917992055416107,30.22345542907715,5.185800075531006,0.0,blocks.15.ffn.0.weight,8960x1536,real:q,167936,0.9451219512195121
alternating_bcm_b256_svd_r10,3,10,256,none,158720,0.4873993396759033,0.49092841148376465,0.8953933715820312,2.8680715560913086,0.49092841148376465,30.356502532958984,6.184440612792969,0.0,blocks.15.ffn.0.weight,8960x1536,real:q,167936,0.9451219512195121
alternating_svd_r8_rowsparse_b16,0,8,0,row,157696,0.4937715530395508,0.4979434013366699,0.8916263580322266,3.0696675777435303,0.4979434013366699,28.22252655029297,0.0,0.0,blocks.15.ffn.0.weight,8960x1536,real:q,167936,0.9390243902439024
alternating_svd_r8_rowsparse_b16,1,8,0,row,157696,0.491217702627182,0.4952927529811859,0.8933120965957642,3.053690195083618,0.4952927529811859,28.346500396728516,0.0,4.553102016448975,blocks.15.ffn.0.weight,8960x1536,real:q,167936,0.9390243902439024
alternating_svd_r8_rowsparse_b16,2,8,0,row,157696,0.4905736744403839,0.4949106276035309,0.8933583498001099,3.056210994720459,0.4949106276035309,28.506296157836914,0.0,5.629854202270508,blocks.15.ffn.0.weight,8960x1536,real:q,167936,0.9390243902439024
alternating_svd_r8_rowsparse_b16,3,8,0,row,157696,0.49025237560272217,0.4948294758796692,0.8933373689651489,3.0515291690826416,0.4948294758796692,28.6218318939209,0.0,6.567944049835205,blocks.15.ffn.0.weight,8960x1536,real:q,167936,0.9390243902439024
alternating_svd_r8_tilesparse_b32,0,8,0,tile,167936,0.4937680959701538,0.4982982873916626,0.8914636373519897,3.0582962036132812,0.4982982873916626,28.224069595336914,0.0,0.0,blocks.15.ffn.0.weight,8960x1536,real:q,167936,1.0
alternating_svd_r8_tilesparse_b32,1,8,0,tile,167936,0.49121010303497314,0.4958818554878235,0.8928703665733337,3.0525171756744385,0.4958818554878235,28.345094680786133,0.0,4.842380523681641,blocks.15.ffn.0.weight,8960x1536,real:q,167936,1.0
alternating_svd_r8_tilesparse_b32,2,8,0,tile,167936,0.4907130300998688,0.49537360668182373,0.8929843902587891,3.047166109085083,0.49537360668182373,28.5056095123291,0.0,5.256048679351807,blocks.15.ffn.0.weight,8960x1536,real:q,167936,1.0
alternating_svd_r8_tilesparse_b32,3,8,0,tile,167936,0.4903526306152344,0.4951554834842682,0.8931401968002319,3.0420188903808594,0.4951554834842682,28.62931251525879,0.0,5.6170125007629395,blocks.15.ffn.0.weight,8960x1536,real:q,167936,1.0
alternating_svd_r16,0,16,0,none,49152,0.4536581337451935,0.4654550850391388,0.899681568145752,1.466456413269043,0.4654550850391388,19.86119270324707,0.0,0.0,blocks.29.self_attn.q.weight,1536x1536,real:q,49152,1.0
alternating_svd_r16,1,16,0,none,49152,0.45019128918647766,0.4620216488838196,0.901699423789978,1.4480143785476685,0.4620216488838196,19.94712257385254,0.0,0.0,blocks.29.self_attn.q.weight,1536x1536,real:q,49152,1.0
alternating_svd_r16,2,16,0,none,49152,0.4486970007419586,0.4597162902355194,0.9028736352920532,1.4372570514678955,0.4597162902355194,20.03841209411621,0.0,0.0,blocks.29.self_attn.q.weight,1536x1536,real:q,49152,1.0
alternating_svd_r16,3,16,0,none,49152,0.44795188307762146,0.4591468274593353,0.9032856822013855,1.431451439857483,0.4591468274593353,20.099720001220703,0.0,0.0,blocks.29.self_attn.q.weight,1536x1536,real:q,49152,1.0
alternating_bcm_b256_svd_r13,0,13,256,none,49152,0.45929092168807983,0.46814802289009094,0.8987360000610352,1.5194950103759766,0.46814802289009094,18.93500328063965,0.0,0.0,blocks.29.self_attn.q.weight,1536x1536,real:q,49152,1.0
alternating_bcm_b256_svd_r13,1,13,256,none,49152,0.45526885986328125,0.46415114402770996,0.901023268699646,1.5140049457550049,0.46415114402770996,18.99896240234375,1.265619158744812,0.0,blocks.29.self_attn.q.weight,1536x1536,real:q,49152,1.0
alternating_bcm_b256_svd_r13,2,13,256,none,49152,0.45360204577445984,0.4628315567970276,0.9022761583328247,1.509682297706604,0.4628315567970276,19.080432891845703,1.912519931793213,0.0,blocks.29.self_attn.q.weight,1536x1536,real:q,49152,1.0
alternating_bcm_b256_svd_r13,3,13,256,none,49152,0.45275136828422546,0.46217814087867737,0.9025542736053467,1.5049257278442383,0.46217814087867737,19.13903045654297,2.263582944869995,0.0,blocks.29.self_attn.q.weight,1536x1536,real:q,49152,1.0
alternating_svd_r8_rowsparse_b16,0,8,0,row,49152,0.4702645540237427,0.4817338287830353,0.8945623636245728,1.7470756769180298,0.4817338287830353,16.908910751342773,0.0,0.0,blocks.29.self_attn.q.weight,1536x1536,real:q,49152,1.0
alternating_svd_r8_rowsparse_b16,1,8,0,row,49152,0.4647071361541748,0.47717025876045227,0.89787757396698,1.7390031814575195,0.47717025876045227,16.967552185058594,0.0,2.792358875274658,blocks.29.self_attn.q.weight,1536x1536,real:q,49152,1.0
alternating_svd_r8_rowsparse_b16,2,8,0,row,49152,0.46353456377983093,0.4780237376689911,0.8974744081497192,1.7332795858383179,0.47717025876045227,17.027324676513672,0.0,3.450437545776367,blocks.29.self_attn.q.weight,1536x1536,real:q,49152,1.0
alternating_svd_r8_rowsparse_b16,3,8,0,row,49152,0.4629467725753784,0.47756290435791016,0.8974121809005737,1.7280184030532837,0.47717025876045227,17.068817138671875,0.0,4.024790287017822,blocks.29.self_attn.q.weight,1536x1536,real:q,49152,1.0
alternating_svd_r8_tilesparse_b32,0,8,0,tile,49152,0.4702470302581787,0.4827691316604614,0.8942873477935791,1.7480162382125854,0.4827691316604614,16.9114933013916,0.0,0.0,blocks.29.self_attn.q.weight,1536x1536,real:q,49152,1.0
alternating_svd_r8_tilesparse_b32,1,8,0,tile,49152,0.46509599685668945,0.4792240262031555,0.8960534334182739,1.7315994501113892,0.4792240262031555,16.965524673461914,0.0,2.8215532302856445,blocks.29.self_attn.q.weight,1536x1536,real:q,49152,1.0
alternating_svd_r8_tilesparse_b32,2,8,0,tile,49152,0.46428096294403076,0.47832635045051575,0.8967636227607727,1.7291291952133179,0.47832635045051575,17.026458740234375,0.0,3.0810232162475586,blocks.29.self_attn.q.weight,1536x1536,real:q,49152,1.0
alternating_svd_r8_tilesparse_b32,3,8,0,tile,49152,0.46365681290626526,0.47832387685775757,0.8966705203056335,1.7233271598815918,0.47832387685775757,17.07074737548828,0.0,3.303541660308838,blocks.29.self_attn.q.weight,1536x1536,real:q,49152,1.0
alternating_svd_r16,0,16,0,none,49152,0.48451152443885803,0.4877397418022156,0.8899081945419312,1.6875802278518677,0.4877397418022156,17.11515998840332,0.0,0.0,blocks.29.self_attn.o.weight,1536x1536,real:q,49152,1.0
alternating_svd_r16,1,16,0,none,49152,0.48072561621665955,0.4825511872768402,0.8932091593742371,1.665414810180664,0.4825511872768402,17.279970169067383,0.0,0.0,blocks.29.self_attn.o.weight,1536x1536,real:q,49152,1.0
alternating_svd_r16,2,16,0,none,49152,0.4790475368499756,0.48144087195396423,0.8935324549674988,1.6660982370376587,0.48144087195396423,17.473304748535156,0.0,0.0,blocks.29.self_attn.o.weight,1536x1536,real:q,49152,1.0
alternating_svd_r16,3,16,0,none,49152,0.47814226150512695,0.48025327920913696,0.8940267562866211,1.6691172122955322,0.48025327920913696,17.614288330078125,0.0,0.0,blocks.29.self_attn.o.weight,1536x1536,real:q,49152,1.0
alternating_bcm_b256_svd_r13,0,13,256,none,49152,0.48882001638412476,0.49471718072891235,0.8884759545326233,1.7680286169052124,0.49471718072891235,15.675180435180664,0.0,0.0,blocks.29.self_attn.o.weight,1536x1536,real:q,49152,1.0
alternating_bcm_b256_svd_r13,1,13,256,none,49152,0.4844611883163452,0.4887233078479767,0.8919618725776672,1.7455536127090454,0.4887233078479767,15.829777717590332,1.6583260297775269,0.0,blocks.29.self_attn.o.weight,1536x1536,real:q,49152,1.0
alternating_bcm_b256_svd_r13,2,13,256,none,49152,0.4825853407382965,0.48771440982818604,0.8928728699684143,1.7364178895950317,0.48771440982818604,16.01131820678711,2.5157456398010254,0.0,blocks.29.self_attn.o.weight,1536x1536,real:q,49152,1.0
alternating_bcm_b256_svd_r13,3,13,256,none,49152,0.4816201329231262,0.48813536763191223,0.8921184539794922,1.7328953742980957,0.48771440982818604,16.148012161254883,2.983921766281128,0.0,blocks.29.self_attn.o.weight,1536x1536,real:q,49152,1.0
alternating_svd_r8_rowsparse_b16,0,8,0,row,49152,0.4965203106403351,0.498913049697876,0.8871363401412964,1.8482517004013062,0.498913049697876,12.686434745788574,0.0,0.0,blocks.29.self_attn.o.weight,1536x1536,real:q,49152,1.0
alternating_svd_r8_rowsparse_b16,1,8,0,row,49152,0.4918532967567444,0.4946219027042389,0.8896122574806213,1.8339568376541138,0.4946219027042389,12.80606460571289,0.0,3.0487027168273926,blocks.29.self_attn.o.weight,1536x1536,real:q,49152,1.0
alternating_svd_r8_rowsparse_b16,2,8,0,row,49152,0.49063655734062195,0.494154691696167,0.8894717693328857,1.821220874786377,0.494154691696167,12.958038330078125,0.0,3.806206464767456,blocks.29.self_attn.o.weight,1536x1536,real:q,49152,1.0
alternating_svd_r8_rowsparse_b16,3,8,0,row,49152,0.489997923374176,0.4942287504673004,0.8892529010772705,1.8248693943023682,0.494154691696167,13.066789627075195,0.0,4.454796314239502,blocks.29.self_attn.o.weight,1536x1536,real:q,49152,1.0
alternating_svd_r8_tilesparse_b32,0,8,0,tile,49152,0.4966147243976593,0.5041599273681641,0.8845649361610413,1.8680624961853027,0.5041599273681641,12.646093368530273,0.0,0.0,blocks.29.self_attn.o.weight,1536x1536,real:q,49152,1.0
alternating_svd_r8_tilesparse_b32,1,8,0,tile,49152,0.49216359853744507,0.49913060665130615,0.8873920440673828,1.8441424369812012,0.49913060665130615,12.769315719604492,0.0,3.0897216796875,blocks.29.self_attn.o.weight,1536x1536,real:q,49152,1.0
alternating_svd_r8_tilesparse_b32,2,8,0,tile,49152,0.4913104176521301,0.4981612265110016,0.8880428075790405,1.828613519668579,0.4981612265110016,12.928162574768066,0.0,3.360381841659546,blocks.29.self_attn.o.weight,1536x1536,real:q,49152,1.0
alternating_svd_r8_tilesparse_b32,3,8,0,tile,49152,0.49073269963264465,0.49798065423965454,0.8878833055496216,1.8210594654083252,0.49798065423965454,13.050869941711426,0.0,3.4996373653411865,blocks.29.self_attn.o.weight,1536x1536,real:q,49152,1.0
alternating_svd_r16,0,16,0,none,167936,0.47731393575668335,0.48097050189971924,0.8947633504867554,2.44728422164917,0.48097050189971924,30.74574851989746,0.0,0.0,blocks.29.ffn.0.weight,8960x1536,real:q,167936,1.0
alternating_svd_r16,1,16,0,none,167936,0.47519901394844055,0.47902053594589233,0.8960421085357666,2.441210985183716,0.47902053594589233,30.888357162475586,0.0,0.0,blocks.29.ffn.0.weight,8960x1536,real:q,167936,1.0
alternating_svd_r16,2,16,0,none,167936,0.47426164150238037,0.47825706005096436,0.8963876962661743,2.436044216156006,0.47825706005096436,31.058387756347656,0.0,0.0,blocks.29.ffn.0.weight,8960x1536,real:q,167936,1.0
alternating_svd_r16,3,16,0,none,167936,0.47378167510032654,0.47762173414230347,0.8966840505599976,2.4330644607543945,0.47762173414230347,31.18040657043457,0.0,0.0,blocks.29.ffn.0.weight,8960x1536,real:q,167936,1.0
alternating_bcm_b256_svd_r10,0,10,256,none,158720,0.48462727665901184,0.48951655626296997,0.891994833946228,2.4761247634887695,0.48951655626296997,27.311996459960938,0.0,0.0,blocks.29.ffn.0.weight,8960x1536,real:q,167936,0.9451219512195121
alternating_bcm_b256_svd_r10,1,10,256,none,158720,0.48203733563423157,0.48721110820770264,0.8934822082519531,2.4594757556915283,0.48721110820770264,27.40614128112793,2.6053760051727295,0.0,blocks.29.ffn.0.weight,8960x1536,real:q,167936,0.9451219512195121
alternating_bcm_b256_svd_r10,2,10,256,none,158720,0.48094263672828674,0.4855567216873169,0.8944165706634521,2.4691948890686035,0.4855567216873169,27.533554077148438,4.0035810470581055,0.0,blocks.29.ffn.0.weight,8960x1536,real:q,167936,0.9451219512195121
alternating_bcm_b256_svd_r10,3,10,256,none,158720,0.4804059863090515,0.48537275195121765,0.8943727016448975,2.4701197147369385,0.48537275195121765,27.62820053100586,4.773953437805176,0.0,blocks.29.ffn.0.weight,8960x1536,real:q,167936,0.9451219512195121
alternating_svd_r8_rowsparse_b16,0,8,0,row,157696,0.4873703122138977,0.49164819717407227,0.891216516494751,2.6606240272521973,0.49164819717407227,25.88949966430664,0.0,0.0,blocks.29.ffn.0.weight,8960x1536,real:q,167936,0.9390243902439024
alternating_svd_r8_rowsparse_b16,1,8,0,row,157696,0.4849364757537842,0.48979249596595764,0.8925083875656128,2.6507155895233154,0.48979249596595764,25.972412109375,0.0,3.3878705501556396,blocks.29.ffn.0.weight,8960x1536,real:q,167936,0.9390243902439024
alternating_svd_r8_rowsparse_b16,2,8,0,row,157696,0.4843030273914337,0.4893372058868408,0.8927045464515686,2.6485979557037354,0.4893372058868408,26.07941246032715,0.0,4.177662372589111,blocks.29.ffn.0.weight,8960x1536,real:q,167936,0.9390243902439024
alternating_svd_r8_rowsparse_b16,3,8,0,row,157696,0.4839884340763092,0.4890901744365692,0.8928004503250122,2.6477646827697754,0.4890901744365692,26.15810203552246,0.0,4.867175579071045,blocks.29.ffn.0.weight,8960x1536,real:q,167936,0.9390243902439024
alternating_svd_r8_tilesparse_b32,0,8,0,tile,167936,0.48736143112182617,0.4912404417991638,0.8912021517753601,2.6568949222564697,0.4912404417991638,25.889835357666016,0.0,0.0,blocks.29.ffn.0.weight,8960x1536,real:q,167936,1.0
alternating_svd_r8_tilesparse_b32,1,8,0,tile,167936,0.484885573387146,0.4890979826450348,0.8923377394676208,2.6388471126556396,0.4890979826450348,25.978473663330078,0.0,3.681370258331299,blocks.29.ffn.0.weight,8960x1536,real:q,167936,1.0
alternating_svd_r8_tilesparse_b32,2,8,0,tile,167936,0.4844537675380707,0.48838481307029724,0.8928769826889038,2.638960361480713,0.48838481307029724,26.091047286987305,0.0,3.927344799041748,blocks.29.ffn.0.weight,8960x1536,real:q,167936,1.0
alternating_svd_r8_tilesparse_b32,3,8,0,tile,167936,0.4841963052749634,0.4885104298591614,0.8927022218704224,2.6369595527648926,0.48838481307029724,26.17156982421875,0.0,3.9949772357940674,blocks.29.ffn.0.weight,8960x1536,real:q,167936,1.0
